{"data": [{"title": "사고, 보험 FAQ", "section": "사고", "paragraph": "사고접수", "contents": "사고 접수는 관리를 위해서, 발생시 앱 내 사고 접수에 등록하는 것이 원칙이나, 사고 발생 시 고객센터로 연락이 오는 경우가 많음. 고객센터 연락 시, 고객센터 사고 접수 일단 진행. 인명 피해 등등 확인. [사고 접수 양식] ㅁ 사고일시 : ㅁ 사고장소 : ㅁ 사고유형 : 차대차 / 대물 / 대인 등 ㅁ 파손부위 : ㅁ 사고경위 : 사진 촬영 등 추후 진행을 위해서, App을 통해 사고 관련 내용 접수 가이드 사고 관련 후속 처리에 관해 담당부서 문의 필요한 경우, 기아 임창훈 매니저 통해서 확인 및 고객 응대 진행.", "primary_key": "52168>1>1.1", "path": "팔레트>위블비즈 고객센터>업무지식>사고, 보험>사고,보험 FAQ"}, {"title": "사고, 보험 FAQ", "section": "사고", "paragraph": "운행중 타이어 펑크나 사고가 났을 때 비용 발생은 어떻게 되나요?", "contents": "Q. 운행중 타이어 펑크나 사고가 났을 때 비용 발생은 어떻게 되나요? A 시보수(지렁이 땜) 조치 후 2주 이내에 동일 위치에 발생하는 경우 자부담 청구 될 수 있음 ㄴ 사고시 보험 적용 외의 부분(휴차료, 긴급출동, 견인등)으로 발생된 비용은 청구 될 수 있음 ㄴ 경미한 사고의 경우 현장 관리자가 차량 상태 확인 후 비용 발생 여부 안내 드림 ㄴ 사고시 앱 접수 및 고객센터로 연락 요청 드림", "primary_key": "52168>1>1.2", "path": "팔레트>위블비즈 고객센터>업무지식>사고, 보험>사고,보험 FAQ"}, {"title": "사고, 보험 FAQ", "section": "사고", "paragraph": "운전 시작하려니까, 타이어 공기압 경고등으로 육안 및 운행에 이상은 업습니다.", "contents": "Q.운전 시작하려니까, 타이어 공기압 경고등으로 육안 및 운행에 이상은 업습니다.  A 공기압 경고등의 경우, 인근 정비소 (오토큐)에서 점검을 받으시거나, 특이사항이 발견되면 고객센터로 공유해주시면 필드매니저가 방문시 확인 진행 하고 있음", "primary_key": "52168>1>1.3", "path": "팔레트>위블비즈 고객센터>업무지식>사고, 보험>사고,보험 FAQ"}, {"title": "사고, 보험 FAQ", "section": "사고", "paragraph": "고속도로 주행중 공기압 경고등이 떴습니다.", "contents": "Q. 고속도로 주행중 공기압 경고등이 떴습니다. A 위험할 수 있으니, 일단 휴게소에 정차하고 FMS로 공기압 상황 함께 확인. 긴급 출동이 필요하다고 판단되면 (공기압 이상) 긴급출동 접수하여 처리", "primary_key": "52168>1>1.4", "path": "팔레트>위블비즈 고객센터>업무지식>사고, 보험>사고,보험 FAQ"}, {"title": "사고, 보험 FAQ", "section": "사고", "paragraph": "조수석 뒷바퀴 저압으로 나오고 타이어 못이 박혀 있는 빨간표시등이 보임", "contents": "Q. 조수석 뒷바퀴 저압으로 나오고 타이어 못이 박혀 있는 빨간표시등이 보임 A 실제 육안으로 타이어 펑크가 확인이 되는지 확인 요청 드림 실펑크 난것 같음 촬영 후 사진 공유 해 주시면 확인 후 긴급출동 접수 해 드림 안내 수리 받으신 후 내역 공유 요청 드림 (차량 바퀴 확인 해 본 결과 펑크 난 부분은 없었고 단순 공기압 주입만 받음)", "primary_key": "52168>1>1.5", "path": "팔레트>위블비즈 고객센터>업무지식>사고, 보험>사고,보험 FAQ"}, {"title": "사고, 보험 FAQ", "section": "사고", "paragraph": "운행 중 방향 지시등 오작동 현상 있었습니다. 지금은 반납상태입니다.", "contents": "Q. 운행 중 방향 지시등 오작동 현상 있었습니다. 지금은 반납상태입니다. A OB하여, 해당 내용 상세히 말씀해줄 수 있는지 문의. 차량 담당 매니저에게 해당 내용 전달 하여 처리", "primary_key": "52168>1>1.6", "path": "팔레트>위블비즈 고객센터>업무지식>사고, 보험>사고,보험 FAQ"}, {"title": "사고, 보험 FAQ", "section": "보험", "paragraph": "1", "contents": "", "primary_key": "52168>2>2.1", "path": "팔레트>위블비즈 고객센터>업무지식>사고, 보험>사고,보험 FAQ"}, {"title": "사고, 보험 FAQ", "section": "보험", "paragraph": "2", "contents": "", "primary_key": "52168>2>2.2", "path": "팔레트>위블비즈 고객센터>업무지식>사고, 보험>사고,보험 FAQ"}, {"title": "사고, 보험 FAQ", "section": "보험", "paragraph": "3", "contents": "", "primary_key": "52168>2>2.3", "path": "팔레트>위블비즈 고객센터>업무지식>사고, 보험>사고,보험 FAQ"}, {"title": "사고, 보험 FAQ", "section": "보험", "paragraph": "4", "contents": "", "primary_key": "52168>2>2.4", "path": "팔레트>위블비즈 고객센터>업무지식>사고, 보험>사고,보험 FAQ"}, {"title": "사고, 보험 FAQ", "section": "보험", "paragraph": "5", "contents": "", "primary_key": "52168>2>2.5", "path": "팔레트>위블비즈 고객센터>업무지식>사고, 보험>사고,보험 FAQ"}]}