{"data": [{"title": "세차, 주유, 충전 FAQ", "section": "충전 문의", "paragraph": "충전선이 충전구에서 빠지지 않아요.", "contents": "Q. 충전선이 충전구에서 빠지지 않아요. A 도어 잠금을 해제하거나 충전취소 버튼을 누르고, 종료 확인 후 충전선을 빼는 방법을 안내.", "primary_key": "52167>1>1.1", "path": "팔레트>위블비즈 고객센터>업무지식>세차, 주유, 충전>세차,주유,충전 FAQ"}, {"title": "세차, 주유, 충전 FAQ", "section": "충전 문의", "paragraph": "차량 내 충전카드가 없어요", "contents": "Q. 차량 내 충전카드가 없어요 A 차량 앞 유리창 쪽에 비치된 점 재안내하고, 없는 경우 불편드린점 사과드리며 우선 고객님 명의 카드로 결제 후 증빙자료 카톡 회신 요청 함", "primary_key": "52167>1>1.2", "path": "팔레트>위블비즈 고객센터>업무지식>세차, 주유, 충전>세차,주유,충전 FAQ"}, {"title": "세차, 주유, 충전 FAQ", "section": "충전 문의", "paragraph": "비치된 충전카드로 해도 결제 실패가 돼요", "contents": "Q. 비치된 충전카드로 해도 결제 실패가 돼요 A 불편드린점 사과드리며 우선 고객님 명의 카드로 결제 후 증빙자료 카톡 회신 요청 함. 이후 영수증(매출전표) 와 통장사본 등 증빙자료 회신해 주시면 환불 예정", "primary_key": "52167>1>1.3", "path": "팔레트>위블비즈 고객센터>업무지식>세차, 주유, 충전>세차,주유,충전 FAQ"}, {"title": "세차, 주유, 충전 FAQ", "section": "충전 문의", "paragraph": "비치된 충전카드가 지정된 충전소에서 사용 불가하여 개인카드 사용 내역 환불 요청", "contents": "Q. 비치된 충전카드가 지정된 충전소에서 사용 불가하여 개인카드 사용 내역 환불 요청 A 불편드린점 사과드리며, 영수증 (매출전표) 와 통장 사본 회신해주시면 확인 후 환불 예정", "primary_key": "52167>1>1.4", "path": "팔레트>위블비즈 고객센터>업무지식>세차, 주유, 충전>세차,주유,충전 FAQ"}, {"title": "세차, 주유, 충전 FAQ", "section": "충전 문의", "paragraph": "충전 안하고 반납했는데, 상관 없을까요?", "contents": "Q. 충전 안하고 반납했는데, 상관 없을까요? A (차량마다 상이한, 반납 시 충전 조건 확인 필요) 반납 이후에는 충전 불가 안내. 현재 충전량 확인하여 안내. 추후에는 충전 후 반납해줄 것을 안내.", "primary_key": "52167>1>1.5", "path": "팔레트>위블비즈 고객센터>업무지식>세차, 주유, 충전>세차,주유,충전 FAQ"}, {"title": "세차, 주유, 충전 FAQ", "section": "충전 문의", "paragraph": "반납 했는데, 충전 잔량 부족할 것 같아요. 얼마까지 충전해둬야하죠?", "contents": "Q. 반납 했는데, 충전 잔량 부족할 것 같아요. 얼마까지 충전해둬야하죠? A 20% 이하 일 시에는 패널티 부과됨. 차량을 이동해야 하는 상황이면 충전 지원은 불가함 양해. 추후 이용시 충전 후 반납 안내", "primary_key": "52167>1>1.6", "path": "팔레트>위블비즈 고객센터>업무지식>세차, 주유, 충전>세차,주유,충전 FAQ"}, {"title": "세차, 주유, 충전 FAQ", "section": "충전 문의", "paragraph": "반납하려고 하는데, 충전을 꼭 해야 하나요? &#40;광명시청&#41;", "contents": "Q. 반납하려고 하는데, 충전을 꼭 해야 하나요? (광명시청) A (위블존 마다 반납시 충전량 조건이 있는 곳, 없는 곳 있으니 사전 확인 필요) 광명시청의 경우 반납시 별도 충전 조건 없음.", "primary_key": "52167>1>1.7", "path": "팔레트>위블비즈 고객센터>업무지식>세차, 주유, 충전>세차,주유,충전 FAQ"}, {"title": "세차, 주유, 충전 FAQ", "section": "충전 문의", "paragraph": "이용 전부터 20% 미만이었는데, 반납 시 20% 미만이어도 상관 없나요?", "contents": "Q. 이용 전부터 20% 미만이었는데, 반납 시 20% 미만이어도 상관 없나요? A (위블존 별 반납 조건은 상이) 동탄의 경우 20%미만 반납 시 패널티가 있음. 번거로우시겠지만 충전 후 반납 요청 양해", "primary_key": "52167>1>1.8", "path": "팔레트>위블비즈 고객센터>업무지식>세차, 주유, 충전>세차,주유,충전 FAQ"}, {"title": "세차, 주유, 충전 FAQ", "section": "충전 문의", "paragraph": "동탄/본인 아파트 충전기에서 충전이 안되서, 위블존에 충전 중 상태로 반납하려고 했으나 반납이 안되요. 오늘 다시 이용하려고 보니 충전 상태가 그대로인데 차량관리가 안되는건가요?", "contents": "Q. 동탄/본인 아파트 충전기에서 충전이 안되서, 위블존에 충전 중 상태로 반납하려고 했으나 반납이 안되요. 오늘 다시 이용하려고 보니 충전 상태가 그대로인데 차량관리가 안되는건가요? A 외부 충전기는 환경부, SK 일렉링크 등에서 이용 가능함 안내 드리며, 공유차량의 경우 주 1회 (위블존 마다 상이) 충전, 점검이 진행이 됩니다. 완충까지 시간이 오래 걸리니, 급속 충전 이용 부탁드리며 80%까지 약 40분 소요가 됩니다.", "primary_key": "52167>1>1.9", "path": "팔레트>위블비즈 고객센터>업무지식>세차, 주유, 충전>세차,주유,충전 FAQ"}, {"title": "세차, 주유, 충전 FAQ", "section": "충전 문의", "paragraph": "장거리 운전 예정이라 미리 충전을 하기 위해 도어 제어를 해주실 수 있나요?", "contents": "Q. 장거리 운전 예정이라 미리 충전을 하기 위해 도어 제어를 해주실 수 있나요? A 충전을 위한 사전 도어제어는 원칙적으로 불가합니다.", "primary_key": "52167>1>1.10", "path": "팔레트>위블비즈 고객센터>업무지식>세차, 주유, 충전>세차,주유,충전 FAQ"}, {"title": "세차, 주유, 충전 FAQ", "section": "충전 문의", "paragraph": "차량이 완충 되지 않아서, 충전 방법 문의 합니다.", "contents": "Q. 차량이 완충되지 않아서, 충전 방법 문의 합니다. A 차내 (운전석 앞 유리 왼쪽 하단)에 위치한 충전카드로 가까운 충전소 또는 위블존 충전소에 방문하여 충전하시면 됩니다.", "primary_key": "52167>1>1.11", "path": "팔레트>위블비즈 고객센터>업무지식>세차, 주유, 충전>세차,주유,충전 FAQ"}, {"title": "세차, 주유, 충전 FAQ", "section": "충전 문의", "paragraph": "환경부 충전소에서 충전 하려고 하는데, 카드 태깅 후 1-4번 중 어떤 방법으로 해야 하나요?", "contents": "Q. 환경부 충전소에서 충전 하려고 하는데, 카드 태깅 후 1-4번 중 어떤 방법으로 해야 하나요? A 1번 간편 결제 선택후 충전 진행하시면 됩니다.", "primary_key": "52167>1>1.12", "path": "팔레트>위블비즈 고객센터>업무지식>세차, 주유, 충전>세차,주유,충전 FAQ"}, {"title": "세차, 주유, 충전 FAQ", "section": "충전 문의", "paragraph": "충전 방식이 뭔가요?", "contents": "Q. 충전 방식이 뭔가요? A DC콤보 타입입니다.", "primary_key": "52167>1>1.13", "path": "팔레트>위블비즈 고객센터>업무지식>세차, 주유, 충전>세차,주유,충전 FAQ"}, {"title": "세차, 주유, 충전 FAQ", "section": "충전 문의", "paragraph": "충전은 자기 부담으로 하는 것인가요?", "contents": "Q. 충전은 자기 부담으로 하는 것인가요? A 차량 내 비치된 충전카드 사용처에서 이용 가능하며, 충전 비용이 청구 되지 않음. 차량 별 주행 거리에 따라 주행 요금, 하이패스 이용시, 하이패스 이용 요금이 청구됨 안내.", "primary_key": "52167>1>1.14", "path": "팔레트>위블비즈 고객센터>업무지식>세차, 주유, 충전>세차,주유,충전 FAQ"}, {"title": "세차, 주유, 충전 FAQ", "section": "충전 문의", "paragraph": "충전 시작했는데, 잘 충전되고 있는지 궁금합니다.", "contents": "Q. 충전 시작했는데, 잘 충전되고 있는지 궁금합니다. A FMS확인 해서, 충전중 인지 확인. 충전중인 상태가 아니라면, 충전 방법 재 안내", "primary_key": "52167>1>1.15", "path": "팔레트>위블비즈 고객센터>업무지식>세차, 주유, 충전>세차,주유,충전 FAQ"}, {"title": "세차, 주유, 충전 FAQ", "section": "충전 문의", "paragraph": "차량에 비치된 충전카드로 충전이 불가해요", "contents": "Q. 차량에 비치된 충전카드로 충전이 불가해요 A 충전카드 불가는 카드 문제, 충전소의 로밍 문제 등이 있을 수 있음. 위블존에 주차되어 있다면, 타 차량의 충전카드를 임시적으로 이용해서 충전 시도 해 볼 수 있음 (차 문열림, 문잠금 등으로 안내) 타 차량이 없거나, 해당 차량, 위블존의 충전 로밍 문제가 있다는 공지나 현업 안내가 있다면 충전 불가 상태로 반납 별도의 현업 안내가 없었다면, 충전카드의 위블존 충전기 충전 불가에 대한 사항 리포팅하여 담당자 대응할 수 있도록 함.", "primary_key": "52167>1>1.16", "path": "팔레트>위블비즈 고객센터>업무지식>세차, 주유, 충전>세차,주유,충전 FAQ"}, {"title": "세차, 주유, 충전 FAQ", "section": "충전 문의", "paragraph": "충전하러 외부 충전소에 있는데, 충전 카드가 안됩니다.", "contents": "Q. 충전하러 외부 충전소에 있는데, 충전 카드가 안됩니다. A 충전소 사업자 별로 카드 로밍이 안되는 경우가 있습니다. 환경부, ss 차져 충전소 인지 확인 후 재 시도 요청 드리며, 앱에서 충전소 위치 확인함 안내", "primary_key": "52167>1>1.17", "path": "팔레트>위블비즈 고객센터>업무지식>세차, 주유, 충전>세차,주유,충전 FAQ"}, {"title": "세차, 주유, 충전 FAQ", "section": "충전 문의", "paragraph": "E-pit 충전기 왔으나, 모두 카드결제가 안됩니다. 개인카드로 결제후 환불 가능한가요?", "contents": "Q. E-pit 충전기 왔으나, 모두 카드결제가 안됩니다. 개인카드로 결제후 환불 가능한가요? A 비치된 충전용 카드 외에 개인카드로 충전을 진행하시면, 해당 내용에 대해서 환불 불가함 안내 E-pit 외에 일반신용카드가 되는 충전기라면, 충전이 가능함 안내. 죄송하지만, 타 충전기에서 충전 및 결제 시도 요청 드림", "primary_key": "52167>1>1.18", "path": "팔레트>위블비즈 고객센터>업무지식>세차, 주유, 충전>세차,주유,충전 FAQ"}, {"title": "세차, 주유, 충전 FAQ", "section": "충전 문의", "paragraph": "환경부 충전소 찾아왔는데, 충전카드가 인식이 안됩니다.", "contents": "Q. 환경부 충전소 찾아왔는데, 충전카드가 인식이 안됩니다. A 일시적인 오류일 수 있습니다. 환경부 충전소라면 해당 카드로 가능하기 때문에, 재시도 또는 다른 환경부 충전소에서 재시도 요청 드립니다.", "primary_key": "52167>1>1.19", "path": "팔레트>위블비즈 고객센터>업무지식>세차, 주유, 충전>세차,주유,충전 FAQ"}, {"title": "세차, 주유, 충전 FAQ", "section": "충전 문의", "paragraph": "외근지의 충전소가 일반 결제밖에 없는데, 개인카드로 결제후 환불 가능한가요?", "contents": "Q. 외근지의 충전소가 일반 결제밖에 없는데, 개인카드로 결제후 환불 가능한가요? A 비치된 충전카드 외에 개인카드로 충전을 진행하시면, 해당 내용에 대해서 환불 불가함 안내 죄송하지만 충전 가능한 인근 충전소에서 충전 진행 요청", "primary_key": "52167>1>1.20", "path": "팔레트>위블비즈 고객센터>업무지식>세차, 주유, 충전>세차,주유,충전 FAQ"}, {"title": "세차, 주유, 충전 FAQ", "section": "충전 문의", "paragraph": "충전 하려고 보니, 기기에서 오류 메시지 (서버에 연결이 안됩니다. 네트워크에 연결이 안됩니다.)나오고,  위블존에 있는 모든 충전기에서 해당 메시지 송출 중입니다.", "contents": "Q. 충전 하려고 보니, 기기에서 오류 메시지 (서버에 연결이 안됩니다. 네트워크에 연결이 안됩니다.)나오고, 위블존에 있는 모든 충전기에서 해당 메시지 송출 중입니다. A 기기 오류 부분은 담당부서에 전달하여 확인하겠다고 안내. 차량 충전이 급하시면, 인근 충전소 검색 후 이용 양해 안내", "primary_key": "52167>1>1.21", "path": "팔레트>위블비즈 고객센터>업무지식>세차, 주유, 충전>세차,주유,충전 FAQ"}, {"title": "세차, 주유, 충전 FAQ", "section": "충전 문의", "paragraph": "내일 예약하신 건에 대해 미리 충전을 하고 싶은데, 도어 제어 가능한가요? 충전카드가 고장나서 어제 충전을 꽂아놓고 퇴근을 못했어요.", "contents": "Q. 내일 예약하신 건에 대해 미리 충전을 하고 싶은데, 도어 제어 가능한가요? 충전카드가 고장나서 어제 충전을 꽂아놓고 퇴근을 못했어요. A 내일 예약건에 대한 차량 도어 제어는 불가한 점 양해. 충전 카드 고장으로 반납시, 고객센터로 전화주시면 반납시 충전 할 수 있도록 안내 예정.", "primary_key": "52167>1>1.22", "path": "팔레트>위블비즈 고객센터>업무지식>세차, 주유, 충전>세차,주유,충전 FAQ"}, {"title": "세차, 주유, 충전 FAQ", "section": "충전 문의", "paragraph": "충전기 연결시 커넥터 분리 후 다시 연결하라는 에러 메세지가 뜨고, 다른 충전기 연결시에도 동일증상 빈번함, 차량 문제로 보이는데 점검 요청함", "contents": "Q. 충전기 연결시 커넥터 분리 후 다시 연결하라는 에러 메세지가 뜨고, 다른 충전기 연결시에도 동일증상 빈번함, 차량 문제로 보이는데 점검 요청함 A 현장관리자에게 전달 후 확인 및 조치한다는 것을 안내", "primary_key": "52167>1>1.23", "path": "팔레트>위블비즈 고객센터>업무지식>세차, 주유, 충전>세차,주유,충전 FAQ"}, {"title": "세차, 주유, 충전 FAQ", "section": "충전 문의", "paragraph": "6시 부터 대여 시작인데, 충전을 위해서 미리 문을 열어 줄 수 있나요?", "contents": "Q. 6시 부터 대여 시작인데, 충전을 위해서 미리 문을 열어 줄 수 있나요? A 대여 시간 이전에 도어제어는 불가한점 양해. 대여시작 10분 전 부터 도어 제어 가능함 안내.", "primary_key": "52167>1>1.24", "path": "팔레트>위블비즈 고객센터>업무지식>세차, 주유, 충전>세차,주유,충전 FAQ"}, {"title": "세차, 주유, 충전 FAQ", "section": "충전 문의", "paragraph": "경남도청 슈퍼관리자 입니다. 충전 안된 차량이 있어 충전을 위해 도어제어 요청 드립니다.", "contents": "Q. 경남도청 슈퍼관리자 입니다. 충전 안된 차량이 있어 충전을 위해 도어제어 요청 드립니다. A 슈퍼관리자의 요청이면 확인 후, 도어제어 필요한 차량 도어 제어 해드리고 문잠금 까지 확인", "primary_key": "52167>1>1.25", "path": "팔레트>위블비즈 고객센터>업무지식>세차, 주유, 충전>세차,주유,충전 FAQ"}, {"title": "세차, 주유, 충전 FAQ", "section": "충전 문의", "paragraph": "반납하기 위해서 충전을 하려는 충전소에서 다른 차량 충전 중이고, 충전 완료된 차량 있는데 도어제어 가능한가요?", "contents": "Q. 반납하기 위해서 충전을 하려는 충전소에서 다른 차량 충전 중이고, 충전 완료된 차량 있는데 도어제어 가능한가요? A 다른 차량에 대한 제어는 원칙적으로 불가한 점 안내", "primary_key": "52167>1>1.26", "path": "팔레트>위블비즈 고객센터>업무지식>세차, 주유, 충전>세차,주유,충전 FAQ"}, {"title": "세차, 주유, 충전 FAQ", "section": "충전 문의", "paragraph": "대여 시작하려고 차량 앞에 왔는데 충전중인 상태입니다. 어떻게 해야 하나요?", "contents": "Q. 대여 시작하려고 차량 앞에 왔는데 충전중인 상태입니다. 어떻게 해야 하나요? A 충전 중지를 누르시거나, 충전을 계속 하고 싶으시면 충전 종료 후 커넥터를 분리하여 이용 시작하시면 됨.", "primary_key": "52167>1>1.27", "path": "팔레트>위블비즈 고객센터>업무지식>세차, 주유, 충전>세차,주유,충전 FAQ"}, {"title": "세차, 주유, 충전 FAQ", "section": "충전 문의", "paragraph": "충전량이 33% 정도라, 충전기를 꼽아 놓고 반납하고 싶은데 가능할까요?", "contents": "Q. 충전량이 33% 정도라, 충전기를 꼽아 놓고 반납하고 싶은데 가능할까요? A 충전기를 꽂아놓고,반납해도 상관 없으나, 장시간 충전기를 점유하면 과태료 대상. (위블존 전용 주차장이 있는 경우는 충전기 연결하고 반납 가능, 공용 주차장인 경우는 불가) 현재 차량 충전 상태 확인 후, 반납 가능한 수준이라면 추후 이용시 충전 후 반납 안내", "primary_key": "52167>1>1.28", "path": "팔레트>위블비즈 고객센터>업무지식>세차, 주유, 충전>세차,주유,충전 FAQ"}, {"title": "세차, 주유, 충전 FAQ", "section": "충전 문의", "paragraph": "차량 내 충전카드가 없습니다.", "contents": "Q. 차량 내 충전카드가 없습니다. A 차량 내, 운전석 유리창 왼쪽 하단 아래에 없는지 한번 더 문의 없다고 하면, 현재 충전량 확인 후 금일 이용에 불편이 없는 정도 인지 확인. 충전량 부족하면 대차 지원 충전카드 없는 부분 담당자에게 안내하여 카드 원복 할 수 있도록 해야 함.", "primary_key": "52167>1>1.29", "path": "팔레트>위블비즈 고객센터>업무지식>세차, 주유, 충전>세차,주유,충전 FAQ"}, {"title": "세차, 주유, 충전 FAQ", "section": "충전 문의", "paragraph": "충전 카드를 가지고 반납처리 후, 한참 뒤에 가지고 내린 것을 알았습니다. 패널티가 있나요? 충전카드 반납을 위해서 재방문 예정입니다.", "contents": "Q. 충전 카드를 가지고 반납처리 후, 한참 뒤에 가지고 내린 것을 알았습니다. 패널티가 있나요? 충전카드 반납을 위해서 재방문 예정입니다. A 후속 예약건에 따라서 바로 충전카드 반납이 필요할 수 있음. FMS로 예약 현황 확인 필요. 카드 반납을 위해 차량 앞으로 가면, 고객센터에 연락해서 차쟝 도어 제어 진행 후 충전카드 원 위치로 반납 진행. 카드 미 반납시에 패널티는 없지만, 파손, 오남용, 분실 등으로 패널티 부과 됨 안내.", "primary_key": "52167>1>1.30", "path": "팔레트>위블비즈 고객센터>업무지식>세차, 주유, 충전>세차,주유,충전 FAQ"}, {"title": "세차, 주유, 충전 FAQ", "section": "충전 문의", "paragraph": "위블존에서 방금, 반납하기를 했는데 충전카드를 가지고 내렸어요.", "contents": "Q. 위블존에서 방금, 반납하기를 했는데 충전카드를 가지고 내렸어요. A 반납 후 30분 이내, 해당 차량의 후속 예약이나 정비 예약이 업는 경우는 대여 내역 상세에서 '두고 내린 물건 찾기' 기능을 통해서 도어 제어 가능 안내 '두고 내린 물건 찾기' 기능이 비활성화 된 상태에서는 차량 관제로 차량 문열림, 문닫힘으로 도어 제어 현장관리자가 해당 시간에 점검하는 시간이라면, 현장 관리자에게 전달. 현장관리자가 없다면, 도어제어를 통해서 충전카드 원복 진행.", "primary_key": "52167>1>1.31", "path": "팔레트>위블비즈 고객센터>업무지식>세차, 주유, 충전>세차,주유,충전 FAQ"}, {"title": "세차, 주유, 충전 FAQ", "section": "충전 문의", "paragraph": "충전 커넥터가 분리가 안되요.", "contents": "Q. 충전 커넥터가 분리가 안되요. A 차량 충전 커넥터 분리가 안되는 경우, - 스마트키로 차량 도어제어 문잠금 --> 문열림 시도 후 분리 - 충전커넥터 잠금 버튼이 Auto로 되어 있는지 확인 (Lock x) : Lock인 경우도 보통 문열림하면 Lock이 풀리나 혹시 모르니 확인 필요. - 그래도 안되는 경우, 니로EV의 경우, 본넷 안 운전석 방향 앞범퍼에 비상 해제 케이블 있음--> 고리를 잡고 위로 들러 올리면 케이블 해제 가능", "primary_key": "52167>1>1.32", "path": "팔레트>위블비즈 고객센터>업무지식>세차, 주유, 충전>세차,주유,충전 FAQ"}, {"title": "세차, 주유, 충전 FAQ", "section": "충전 문의", "paragraph": "충전구가 열리지 않음. 수동으로 열리게 되어 있는데, 자동 수동 다 안열림. 점검 요청", "contents": "Q. 충전구가 열리지 않음. 수동으로 열리게 되어 있는데, 자동 수동 다 안열림. 점검 요청 A 담당 부서에 불편 사항 전달", "primary_key": "52167>1>1.33", "path": "팔레트>위블비즈 고객센터>업무지식>세차, 주유, 충전>세차,주유,충전 FAQ"}, {"title": "세차, 주유, 충전 FAQ", "section": "충전 문의", "paragraph": "충전구 열리지 않아 문의", "contents": "Q. 충전구 열리지 않아 문의 A 전체 문열림 반복 후에도 충전구 안 열리는지 재 확인 요청. 계속해서 충전구가 안열리면, 대차 필요한 경우 대차 진행. 대차 차량 없는 경우 운행 할지 안할지 확인 필요", "primary_key": "52167>1>1.34", "path": "팔레트>위블비즈 고객센터>업무지식>세차, 주유, 충전>세차,주유,충전 FAQ"}, {"title": "세차, 주유, 충전 FAQ", "section": "충전 문의", "paragraph": "충전구 위치가 어디에 있는지 모르겠습니다.", "contents": "Q. 충전구 위치가 어디에 있는지 모르겠습니다. A 니로 EV, 본넷 쪽 앞쪽에 위치. 아이오닉 5, EV6 우측 뒤쪽", "primary_key": "52167>1>1.35", "path": "팔레트>위블비즈 고객센터>업무지식>세차, 주유, 충전>세차,주유,충전 FAQ"}, {"title": "세차, 주유, 충전 FAQ", "section": "충전 문의", "paragraph": "환경부 전기차 충전소에서 충전하려고 하니, 차량과 통신이 이상 있다고 충전이 안됩니다.", "contents": "Q. 환경부 전기차 충전소에서 충전하려고 하니, 차량과 통신이 이상 있다고 충전이 안됩니다. A CODE45는 환경부 전기차 충전기 에러코드로 확인, 위블 비즈 어플과는 관계가 없음. 운행 목적지 확인 후, 급한 충전 상황이 아니라면 반경 2km 내 타 충전소 충전기를 이용해 보시기를 권유. 위블 비즈 앱에서 충전기 위치 확인 가능.", "primary_key": "52167>1>1.36", "path": "팔레트>위블비즈 고객센터>업무지식>세차, 주유, 충전>세차,주유,충전 FAQ"}, {"title": "세차, 주유, 충전 FAQ", "section": "충전 문의", "paragraph": "충전기 에러로 충전이 되지 않아요", "contents": "Q. 충전기 에러로 충전이 되지 않아요 A 충전기 에러는 충전기 사업자 문제, 해당 충전기 고객센터로 문의 필요함", "primary_key": "52167>1>1.37", "path": "팔레트>위블비즈 고객센터>업무지식>세차, 주유, 충전>세차,주유,충전 FAQ"}, {"title": "세차, 주유, 충전 FAQ", "section": "충전 문의", "paragraph": "장거리 이용 예정인데 충전량이 40% 밖에 안되어 있어 대차 요청 드립니다.", "contents": "Q. 장거리 이용 예정인데 충전량이 40% 밖에 안되어 있어 대차 요청 드립니다. A (FMS에서 해당 차량에 대한 % 확인) 죄송합니다만, 정책상 충전량이 20% 미만인 경우에 대차 가능한 점 양해 부탁드립니다.", "primary_key": "52167>1>1.38", "path": "팔레트>위블비즈 고객센터>업무지식>세차, 주유, 충전>세차,주유,충전 FAQ"}, {"title": "세차, 주유, 충전 FAQ", "section": "충전 문의", "paragraph": "인수시 33% 밖에 없는데, Epit 에서 비회원으로 차내 신용카드 이용해서 충전 하면 될까요?", "contents": "Q. 인수시 33% 밖에 없는데, Epit 에서 비회원으로 차내 신용카드 이용해서 충전 하면 될까요? A E Pit 에서 비회원 선택 후, 차내 충전카드로 이용하시면 됩니다. 공유차량이다 보니 반납 전 충전 안내 권유 드리고 있지만 간혹 충전량이 적은 경우 발생하고 있어 양해 부탁드립니다.", "primary_key": "52167>1>1.39", "path": "팔레트>위블비즈 고객센터>업무지식>세차, 주유, 충전>세차,주유,충전 FAQ"}, {"title": "세차, 주유, 충전 FAQ", "section": "충전 문의", "paragraph": "광명시청/주말권 이용 중인데 충전소는 어디를 사용해야 하나요?", "contents": "Q. 광명시청/주말권 이용 중인데 충전소는 어디를 사용해야 하나요? A SK 일렉링크에서 로밍된 곳에서는 모두 충전 가능하나 일부 (아파트 등) 에서 안되는 경우도 있어 환경부/ss charger 충전소를 검색 후 충전 추천 드림", "primary_key": "52167>1>1.40", "path": "팔레트>위블비즈 고객센터>업무지식>세차, 주유, 충전>세차,주유,충전 FAQ"}, {"title": "세차, 주유, 충전 FAQ", "section": "충전 문의", "paragraph": "화성시청/주말권 이용 중인데 충전소는 어디를 사용해야 하나요?", "contents": "Q. 화성시청/주말권 이용 중인데 충전소는 어디를 사용해야 하나요? A 동탄 차량은 환경부 충전소에서 충전가능함, 환경부 카드 로밍가능한 모든 충전기에서 충전 가능함 (SK일렉링크, 휴멕스, 차지비등)", "primary_key": "52167>1>1.41", "path": "팔레트>위블비즈 고객센터>업무지식>세차, 주유, 충전>세차,주유,충전 FAQ"}, {"title": "세차, 주유, 충전 FAQ", "section": "충전 문의", "paragraph": "경남도청/환경부 충전소에서도 사용 가능한가요?", "contents": "Q. 경남도청/환경부 충전소에서도 사용 가능한가요? A 차량 내 비치된 전기차 충전 카드 이용해서 e-pit 제외한 외부 충전소에서 사용 가능합니다.", "primary_key": "52167>1>1.42", "path": "팔레트>위블비즈 고객센터>업무지식>세차, 주유, 충전>세차,주유,충전 FAQ"}, {"title": "세차, 주유, 충전 FAQ", "section": "충전 문의", "paragraph": "캄텍/외부 충전소는 어디서 사용 가능한가요? E-pit 도 가능한가요?", "contents": "Q. 캄텍/외부 충전소는 어디서 사용 가능한가요? E-pit 도 가능한가요? A E-pit 제외한, 환경부, SK일렉링크 충전소 등에서 이용 가능함 안내.", "primary_key": "52167>1>1.43", "path": "팔레트>위블비즈 고객센터>업무지식>세차, 주유, 충전>세차,주유,충전 FAQ"}, {"title": "세차, 주유, 충전 FAQ", "section": "충전 문의", "paragraph": "경상남도청 서부청사/위블존 외에 다른 충전소에서 충전 가능한가요?", "contents": "Q. 경상남도청 서부청사/위블존 외에 다른 충전소에서 충전 가능한가요? A 차내 비치된 카드로 충전 가능하며, 충전소 조회 링크 문자 발송 (미리 준비된 링크 발송) 또는 네이버지도, 카카오맵 에서 SK 일렉링크 (SS charger ) 설정 후 가까운 충전소로 가시면 된다고 안내", "primary_key": "52167>1>1.44", "path": "팔레트>위블비즈 고객센터>업무지식>세차, 주유, 충전>세차,주유,충전 FAQ"}, {"title": "세차, 주유, 충전 FAQ", "section": "충전 문의", "paragraph": "판교/위블존 외에 다른 충전소에서 충전 가능한가요?", "contents": "Q. 판교/위블존 외에 다른 충전소에서 충전 가능한가요? A E-pit 외에도, 신용카드로 결제가 가능한 충전소 에서도 충전 가능함 안내", "primary_key": "52167>1>1.45", "path": "팔레트>위블비즈 고객센터>업무지식>세차, 주유, 충전>세차,주유,충전 FAQ"}, {"title": "세차, 주유, 충전 FAQ", "section": "충전 문의", "paragraph": "차주에 이용할 차량 중전양이 10%라서 걱정입니다.", "contents": "Q. 차주에 이용할 차량 중전양이 10%라서 걱정입니다. A 차량관리자들이 주 단위로 충전량 관리 중이며, 대여전 사용자들이 반납 전 충전등을 통해 현재 충전량이 그대로 유지 되지 않음 안내", "primary_key": "52167>1>1.46", "path": "팔레트>위블비즈 고객센터>업무지식>세차, 주유, 충전>세차,주유,충전 FAQ"}, {"title": "세차, 주유, 충전 FAQ", "section": "충전 문의", "paragraph": "충전카드가 인식이 안되고, 카드가 녹은거 같아 보입니다.", "contents": "Q. 충전카드가 인식이 안되고, 카드가 녹은거 같아 보입니다. A 해당 내용 담당부서에 전달", "primary_key": "52167>1>1.47", "path": "팔레트>위블비즈 고객센터>업무지식>세차, 주유, 충전>세차,주유,충전 FAQ"}, {"title": "세차, 주유, 충전 FAQ", "section": "충전 문의", "paragraph": "충전하러 충전소에 왔는데 충전카드 비밀번호 뒷자리 두자리를 입력하라고 나옵니다.", "contents": "Q. 충전하러 충전소에 왔는데 충전카드 비밀번호 뒷자리 두자리를 입력하라고 나옵니다. A 따로 비밀번호 뒷자리나 사업자 번호를 확인하긴 어렵고, 해당 충전카드로 비회원 결제가 가능한 다른 외부 충전소 이용하시는 것을 안내", "primary_key": "52167>1>1.48", "path": "팔레트>위블비즈 고객센터>업무지식>세차, 주유, 충전>세차,주유,충전 FAQ"}, {"title": "세차, 주유, 충전 FAQ", "section": "충전 문의", "paragraph": "충전카드가 차량 어디에 위치해 있나요?", "contents": "Q. 충전카드가 차량 어디에 위치해 있나요? A 운전석 앞 왼쪽 유리창 하단에 위치하고 있음 안내", "primary_key": "52167>1>1.49", "path": "팔레트>위블비즈 고객센터>업무지식>세차, 주유, 충전>세차,주유,충전 FAQ"}, {"title": "세차, 주유, 충전 FAQ", "section": "세차 문의", "paragraph": "차량 내부가 매우 더럽습니다. 핸들, 컵홀더 등 더러워서 직접 닦았고, 이용에 불쾌한데..", "contents": "Q. 차량 내부가 매우 더럽습니다. 핸들, 컵홀더 등 더러워서 직접 닦았고, 이용에 불쾌한데.. A 일단 이용 불편 드린점 양해. 차량 관리자에게 내부 세차 점검 바로 전달하겠다고 안내. 대차 가능은 차량 상태 확인 후 가능하며, 이용할 수 없을 정도로 더러우면 확인 후에 대차 진행 가능함 안내", "primary_key": "52167>2>2.1", "path": "팔레트>위블비즈 고객센터>업무지식>세차, 주유, 충전>세차,주유,충전 FAQ"}, {"title": "세차, 주유, 충전 FAQ", "section": "세차 문의", "paragraph": "퇴출근권 이용하려고 탑승했는데, 내부가 너무 더러워서 불만입니다.", "contents": "Q. 육안으로 보기에도 타이어 공기압이 현저하게 낮음. 조수석 뒷바퀴 공기압 낮다고 경고 알람 나옴 A 담당부서에 불편 사항 전달", "primary_key": "52167>2>2.2", "path": "팔레트>위블비즈 고객센터>업무지식>세차, 주유, 충전>세차,주유,충전 FAQ"}, {"title": "세차, 주유, 충전 FAQ", "section": "세차 문의", "paragraph": "세차를 위해 도어 제어 요청 드립니다.", "contents": "Q. 세차를 위해 도어 제어 요청 드립니다. A 외주 세차 업체의 문의 인입 시, 출장 세차에 필요한 도어제어 요청 차량 확인 후 도어 제어 진행. 세차 예상 시간 확인 및 세차 종료후 도어 제어를 위해서 연락 부탁 -> 세차 종료 후 잠금 요청 진행", "primary_key": "52167>2>2.3", "path": "팔레트>위블비즈 고객센터>업무지식>세차, 주유, 충전>세차,주유,충전 FAQ"}, {"title": "세차, 주유, 충전 FAQ", "section": "세차 문의", "paragraph": "차량 이용하는데 외관 등이 더럽습니다, 세차는 언제 하나요?", "contents": "Q. 차량 이용하는데 외관 등이 더럽습니다, 세차는 언제 하나요? A (위블존 마다 차량관리 조건이 다름, 해당 부분 확인 후 답변) 현장 관리자에게 전달하여 조치할 수 있도록 하겠다고 안내", "primary_key": "52167>2>2.4", "path": "팔레트>위블비즈 고객센터>업무지식>세차, 주유, 충전>세차,주유,충전 FAQ"}, {"title": "세차, 주유, 충전 FAQ", "section": "세차 문의", "paragraph": "외관 더러워서 세차 후 환불 가능 여부, 대차 가능 여부 등 문의 드립니다.", "contents": "Q. 외관 더러워서 세차 후 환불 가능 여부, 대차 가능 여부 등 문의 드립니다. A 세차를 하셔도 해당 금액에 대해서 환불을 불가합니다. 차량 이용이 어려울 정도로 외관 상태가 불량하면 대차 가능하기에, 차량 상태 확인을 위해서 촬영 요청. 차량 상태 확인 후 대차 여부 결정 (대부분 대차가 될 정도로 외부가 더러운 경우는 많지 않음) 개인이 자동세차장을 직접 이용 하시는 것은 상관 없음.", "primary_key": "52167>2>2.5", "path": "팔레트>위블비즈 고객센터>업무지식>세차, 주유, 충전>세차,주유,충전 FAQ"}, {"title": "세차, 주유, 충전 FAQ", "section": "세차 문의", "paragraph": "워셔액이 안나오는데 원래 안나오나요?", "contents": "Q. 워셔액이 안나오는데 원래 안나오나요? A 이용에 불편을 드려서 죄송하며, 해당 문제 조치 될 수 있도록 담당자 연결.", "primary_key": "52167>2>2.6", "path": "팔레트>위블비즈 고객센터>업무지식>세차, 주유, 충전>세차,주유,충전 FAQ"}]}