{"data": [{"title": "위블서비스 FAQ", "section": "신규계약상담", "paragraph": "신규로 위블비즈 도입에 대해서 계약 상담이 하고 싶습니다.", "contents": "Q. 신규로 위블비즈 도입에 대해서 계약 상담이 하고 싶습니다. A 계약 상담에 필요한 주요 내용 기입 후, 담당부서 전달. ㅁ담당자명/연락처 : ㅁ사업장 주소 : ㅁ업종 : ㅁ희망 계약 차량 대수 : ㅁ회사 건물 내 전기차 충전기 설치 여부 : ㅁ현재 업무용 차량 운영대수 (전체 몇대, 그 중 전기차 몇대) : ㅁ운영 중인 업무용 차량 정보 (차종, 자가/임차, 임차일 경우 렌트사 업체명) : ㅁ위블비즈 서비스 알게된 경로 : 상담문의 링크(https://wiblebiz.kia.com/Counsel)를 전달해서 기입할 수도 있지만, 그 과정에서 이탈할 수 있기 때문에 가능하면 고객센터에서 주요한 내용을 적고, 해당 내용을 현업에 전달해주면 빠른 응대 가능", "primary_key": "52169>1>1.1", "path": "팔레트>위블비즈 고객센터>업무지식>위블 서비스>위블서비스 FAQ"}, {"title": "위블서비스 FAQ", "section": "신규계약상담", "paragraph": "업무 시간 외, 직원들 출퇴근용으로 관심이 있습니다. 외부 사람들은 사용하지 않았으면 좋겠습니다.", "contents": "Q. 업무 시간 외, 직원들 출퇴근용으로 관심이 있습니다. 외부 사람들은 사용하지 않았으면 좋겠습니다. A 개방형 운행 여부 등은 계약 상담하면서 확인 및 변경 가능함 안내. 담당 부서가 자세히 안내 드릴 수 있도록, 상담 요청자 정보 기입 후 담당 부서 전달하고, 빠른 시일 내 연락 드리겠다고 안내. ㅁ담당자명/연락처 : ㅁ사업장 주소 : ㅁ업종 : ㅁ희망 계약 차량 대수 : ㅁ회사 건물 내 전기차 충전기 설치 여부 : ㅁ현재 업무용 차량 운영대수 (전체 몇대, 그 중 전기차 몇대) : ㅁ운영 중인 업무용 차량 정보 (차종, 자가/임차, 임차일 경우 렌트사 업체명) : ㅁ위블비즈 서비스 알게된 경로 : 상담문의 링크(https://wiblebiz.kia.com/Counsel)를 전달해서 기입할 수도 있지만, 그 과정에서 이탈할 수 있기 때문에 가능하면 고객센터에서 주요한 내용을 적고, 해당 내용을 현업에 전달해주면 빠른 응대 가능", "primary_key": "52169>1>1.2", "path": "팔레트>위블비즈 고객센터>업무지식>위블 서비스>위블서비스 FAQ"}, {"title": "위블서비스 FAQ", "section": "신규계약상담", "paragraph": "회사 차량으로 주말 개인용 운영시 임대료나 통행료, 주유비등 문의 , 사고시 보험 처리 문의합니다.", "contents": "Q. 회사 차량으로 주말 개인용 운영시 임대료나 통행료, 주유비등 문의 , 사고시 보험 처리 문의합니다. A 자사 보유 회사차량의 경우 복지 차원으로 임대료 없이 대여할 수도 있고, 충전카드는 제공, 미제공등 계약 사항에 따라 다릅니다. 자세한 상담은 계약 담당 상담자 연결해 드리겠다며, 기본 정보 받고 담당부서 연결 ㅁ담당자명/연락처 : ㅁ사업장 주소 : ㅁ업종 : ㅁ희망 계약 차량 대수 : ㅁ회사 건물 내 전기차 충전기 설치 여부 : ㅁ현재 업무용 차량 운영대수 (전체 몇대, 그 중 전기차 몇대) : ㅁ운영 중인 업무용 차량 정보 (차종, 자가/임차, 임차일 경우 렌트사 업체명) : ㅁ위블비즈 서비스 알게된 경로 : 상담문의 링크(https://wiblebiz.kia.com/Counsel)를 전달해서 기입할 수도 있지만, 그 과정에서 이탈할 수 있기 때문에 가능하면 고객센터에서 주요한 내용을 적고, 해당 내용을 현업에 전달해주면 빠른 응대 가능", "primary_key": "52169>1>1.3", "path": "팔레트>위블비즈 고객센터>업무지식>위블 서비스>위블서비스 FAQ"}, {"title": "위블서비스 FAQ", "section": "신규계약상담", "paragraph": "동탄 엡타워 입주사 신규계약 문의 드립니다. 비즈니스용으로 사용 문의 드립니다.", "contents": "Q. 동탄 엡타워 입주사 신규계약 문의 드립니다. 비즈니스용으로 사용 문의 드립니다. A 신규 계약 문의 관련 내용, 전달하고 문자로 상담문의 링크 발송 ㅁ담당자명/연락처 : ㅁ사업장 주소 : ㅁ업종 : ㅁ희망 계약 차량 대수 : ㅁ회사 건물 내 전기차 충전기 설치 여부 : ㅁ현재 업무용 차량 운영대수 (전체 몇대, 그 중 전기차 몇대) : ㅁ운영 중인 업무용 차량 정보 (차종, 자가/임차, 임차일 경우 렌트사 업체명) : ㅁ위블비즈 서비스 알게된 경로 : (https://wiblebiz.kia.com/Counsel)", "primary_key": "52169>1>1.4", "path": "팔레트>위블비즈 고객센터>업무지식>위블 서비스>위블서비스 FAQ"}, {"title": "위블서비스 FAQ", "section": "신규계약상담", "paragraph": "가입 전 검토 위해 24시간 대여 요금 문의", "contents": "Q. 가입 전 검토 위해 24시간 대여 요금 문의 A 해당 위블존 차량 별 가격 정책 확인 후 송부, 위블존 마다 프로모션 있으므로 프로모션 여부 확인 후 계산 하여 안내. 정확안 금약이나 정보가 업는 경우 담당부서 문의 후 처리", "primary_key": "52169>1>1.5", "path": "팔레트>위블비즈 고객센터>업무지식>위블 서비스>위블서비스 FAQ"}, {"title": "위블서비스 FAQ", "section": "신규계약상담", "paragraph": "신규로 가입하려면 어떻게 해야 하는지 문의", "contents": "Q. 신규로 가입하려면 어떻게 해야 하는지 문의 A 회원사 가입시 필요한 정보 전달 후, 답변 주면 담당자에게 전달하겠다고 안내 ㄴ 회사명, 부서명, 성함, 이메일, 연락처, 문의 내용 (업종, 사업장 주소, 업무용 차량 대수 희망 계약 차량 대수 등) ㄴ https://wiblebiz.kia.com/Counsel 로 안내해도., 문의 등록 가능함.", "primary_key": "52169>1>1.6", "path": "팔레트>위블비즈 고객센터>업무지식>위블 서비스>위블서비스 FAQ"}]}