{"data": [{"title": "운행, 반납 FAQ", "section": "차량이용 문의", "paragraph": "위블존에 차량이 보이지 않아요.", "contents": "Q. 위블존에 차량이 보이지 않아요. A 위블존 위치 안내하고, 위치 캡처 하여 고객에게 별도 문자 전송 진행 ㄴ 위블존이 지정 주차장이 아닌 경우에는, 차량 찾기가 어려울 수 있으니. 차량관제 진입하여 현재 차량 위치 파악 후 고객에게 전달 <div > </div>", "primary_key": "52166>1>1.26", "path": "팔레트>위블비즈 고객센터>업무지식>운행, 반납>운행,반납 FAQ"}, {"title": "운행, 반납 FAQ", "section": "차량이용 문의", "paragraph": "9시에 예약해둔 차량이 위블존에 보이지 않아요 /8시 인입", "contents": "Q. 9시에 예약해둔 차량이 위블존에 보이지 않아요 /8시 인입 A 이전 사용자가 퇴출근, 주말권 등으로 이용중이라면 아직 미반납 (FMS에서 대여 현황 확인) 보통, 8시 30분 경 반납하고, 8시30분 - 9시 사이에 필드매니저가 차량 관리 충전 진행하는 점 안내 (위블존에 따라 다름) 9시에도 해당 차량 이용이 어려운 경우 재 안내 진행 <div > </div>", "primary_key": "52166>1>1.27", "path": "팔레트>위블비즈 고객센터>업무지식>운행, 반납>운행,반납 FAQ"}, {"title": "운행, 반납 FAQ", "section": "차량이용 문의", "paragraph": "예약한 차 외관이 궁금해서 미리 보러왔는데 차가 보이지 않아요.", "contents": "Q. 예약한 차 외관이 궁금해서 미리 보러왔는데 차가 보이지 않아요. A FMS상 현재 위치나 사용 여부 확인. 차량의 대여/정비 현황 (충전중, 이전 사용자 사용중 등을 확인) 후 안내 <div > </div>", "primary_key": "52166>1>1.28", "path": "팔레트>위블비즈 고객센터>업무지식>운행, 반납>운행,반납 FAQ"}, {"title": "운행, 반납 FAQ", "section": "차량이용 문의", "paragraph": "위블존에 차량은 있으나 이전 사용자가 반납처리를 하지 않아 차량 이용이 불가능 합니다.", "contents": "Q. 위블존에 차량은 있으나 이전 사용자가 반납처리를 하지 않아 차량 이용이 불가능 합니다. A 그러세요~ 불편을 드려 죄송합니다. 잠시 확인 후 안내 도와드리겠습니다. <<아래 프로세스 확인처리 후 안내>> 기다려주셔서 감사합니다. 해당 차량 정상 이용 가능하도록 조치해드렸습니다. 차량 이용 가능한지 확인 부탁드리며, 이용 불가하실 경우 고객센터로 연락 부탁드리겠습니다 . [처리방법] 1. 이전 사용자의 예약 시간이 경과되고 다음 사용자의 시작 시간 임박 여부 확인 2. 예약차량의위블존정차여부FMS 상 확인 3. FMS에서 반납처리 후 이전 사용자에게 반납 안내 문자 발송", "primary_key": "52166>1>1.1", "path": "팔레트>위블비즈 고객센터>업무지식>운행, 반납>운행,반납 FAQ"}, {"title": "운행, 반납 FAQ", "section": "차량이용 문의", "paragraph": "차량 이용 예정인데, 이전 사용자가 차량을 제 시간에 반납했는지 확인하고싶어요.", "contents": "Q. 차량 이용 예정인데, 이전 사용자가 차량을 제 시간에 반납했는지 확인하고싶어요. A FMS상 이전 사용자 이용/반납 현황 확인. 차량 위치등을 확인 하여 위블존과의 거리가 멀어 반납이 제시간에 어렵다면, 해당 차량을 이용중인 사용자에게 반납 예상 가능 시간 확인 후, 문의하신 분에게 예상 시간 안내. ㄴ 해당 차량 반납이 많이 늦어지는 경우나 반납이 어려운 경우에는 바로 이용 가능한 차량을 안내하는 등 차량 이용을 할 수 있는 다른 방법 안내 필요 <div > </div>", "primary_key": "52166>1>1.2", "path": "팔레트>위블비즈 고객센터>업무지식>운행, 반납>운행,반납 FAQ"}, {"title": "운행, 반납 FAQ", "section": "차량이용 문의", "paragraph": "지금은 예약불가로 되어 있어요. 혹시 오늘 1시부터는 이용이 가능할까요?", "contents": "Q. 지금은 예약불가로 되어 있어요. 혹시 오늘 1시부터는 이용이 가능할까요? A FMS상 정비/예약 일정확인하고, 금일 내 예약 가능 여부 확인(예약 불가시 양해 안내) <div > </div>", "primary_key": "52166>1>1.3", "path": "팔레트>위블비즈 고객센터>업무지식>운행, 반납>운행,반납 FAQ"}, {"title": "운행, 반납 FAQ", "section": "차량이용 문의", "paragraph": "오늘부터 이용이 가능한 차량으로 알고 있는데, 언제부터 이용이 가능할까요?", "contents": "Q. 오늘부터 이용이 가능한 차량으로 알고 있는데, 언제부터 이용이 가능할까요? A 차량 입고 상태 확인, 정비예약 일정 확인시 담당부서를 통해 차량 이용가능 시점 확인  (정확한 일정 확인 불가시 고객 양해 필요) <div > </div>", "primary_key": "52166>1>1.4", "path": "팔레트>위블비즈 고객센터>업무지식>운행, 반납>운행,반납 FAQ"}, {"title": "운행, 반납 FAQ", "section": "차량이용 문의", "paragraph": "★타이어가 가장 최신으로 교체된 차량으로 이용하고 싶습니다.", "contents": "", "primary_key": "52166>1>1.5", "path": "팔레트>위블비즈 고객센터>업무지식>운행, 반납>운행,반납 FAQ"}, {"title": "운행, 반납 FAQ", "section": "차량이용 문의", "paragraph": "아파트 주차장에 등록된 차량이 6671인데, 예약이 안되어서 문의. 타 차량으로 구독권 신청하고, 이후에 6671로 변경 가능할까요?", "contents": "Q. 아파트 주차장에 등록된 차량이 6671인데, 예약이 안되어서 문의. 타 차량으로 구독권 신청하고, 이후에 6671로 변경 가능할까요? A 6671차량 예약 불가 사유 확인.  담당부서에 확인하여 구독중 차량 변경 가능한지 확인 후 안내 <div > </div>", "primary_key": "52166>1>1.6", "path": "팔레트>위블비즈 고객센터>업무지식>운행, 반납>운행,반납 FAQ"}, {"title": "운행, 반납 FAQ", "section": "차량이용 문의", "paragraph": "예약자 미출근이지만 동승자는 차량 이용이 필요할 때 어떻게 해야 하나요?", "contents": "Q. 예약자 미출근이지만 동승자는 차량 이용이 필요할 때 어떻게 해야 하나요? A 기존 예약 취소 후 동승자분께서 직접 예약을 하셔야 합니다.  동승운전자의 차량운행은 예약자와 함께 탑승했을 때만 가능하며, 스마트키 제어는 예약자에 한해서만 가능합니다.", "primary_key": "52166>1>1.7", "path": "팔레트>위블비즈 고객센터>업무지식>운행, 반납>운행,반납 FAQ"}, {"title": "운행, 반납 FAQ", "section": "차량이용 문의", "paragraph": "차량에 소지품을 두고 반납을 했습니다. 차량 문을 열어주실 수 있나요?", "contents": "Q. 차량에 소지품을 두고 반납을 했습니다. 차량 문을 열어주실 수 있나요? A 반납 완료 후 이후 예약 건이 없다면, 30분 내에 예약 및 이용 내역의 상세 대여 화면에서 '두고 내린 물건 찾기 기능'을 통해 도어 제어가 가능합니다. '두고 내린 물건 찾기' 기능 비활성화 시 소속, 성함, 차량번호 등 확인 후 관제로 문열기/문닫기 제가 직접 차량 문을 열어드리겠습니다. ( 관제로 문열기/문닫기 )", "primary_key": "52166>1>1.8", "path": "팔레트>위블비즈 고객센터>업무지식>운행, 반납>운행,반납 FAQ"}, {"title": "운행, 반납 FAQ", "section": "차량이용 문의", "paragraph": "5분정도 먼저 차량을 사용하고 싶은데 가능한가요?", "contents": "Q. 5분정도 먼저 차량을 사용하고 싶은데 가능한가요? A 예약시간 10분 전부터 스마트키 점검을 위해 활성화 되므로 10분전부터 차량 점검 후 차량 사용이 가능합니다.", "primary_key": "52166>1>1.9", "path": "팔레트>위블비즈 고객센터>업무지식>운행, 반납>운행,반납 FAQ"}, {"title": "운행, 반납 FAQ", "section": "차량이용 문의", "paragraph": "이용시간을 한, 두시간 앞당겨서 예약하고 싶은데 앞당길 수 있나요?", "contents": "Q. 이용시간을 한, 두시간 앞당겨서 예약하고 싶은데 앞당길 수 있나요? A 이용시간을 앞당기는 기능은 제공하지 않으며, 필요하다면 예약 취소 후 이용 원하는 시간으로 재예약을 해야 합니다. 단 이용 원하는 시간이 임박하여 바로 이용을 해야한다면 전산(FMS)에서 취소 및 신규 예약 생성을 도와드릴 수 있습니다.", "primary_key": "52166>1>1.10", "path": "팔레트>위블비즈 고객센터>업무지식>운행, 반납>운행,반납 FAQ"}, {"title": "운행, 반납 FAQ", "section": "차량이용 문의", "paragraph": "이용시간을 한, 두시간 늦춰서 다시 예약하고 싶어요", "contents": "Q. 이용시간을 한, 두시간 늦춰서 다시 예약하고 싶어요 A 이용시간을 앞당기는 기능은 따로 제공하지 않습니다. 필요하다면 예약 취소 후 이용 원하는 시간으로 재예약을 해야합니다. 취소하는 시점에 따라 취소 수수료가 발생할 수 있는 점은 양해부탁드립니다. ■ 취소 수수료 부과 정책 ▶ 업무용 상품 & 개인용 상품 1회권 1) 예약 체결 후 30분 이내 혹은 이용 24시간 전까지 취소 시 수수료 미부과 2) 대여 시작 24시간전 ~ 3시간 1분전 : 결제한 요금(대여요금, 면책상품 요금)의 5% 3) 대여 시작 3시간전 ~ 11분전 : 결제한 요금(대여요금, 면책상품 요금)의 15% 4) 대여 시작 10분전 ~ 대여시작전 : 결제한 요금(대여요금, 면책상품 요금)의 30%, 단 차량 제어 이력이 있을 경우 취소 불가 5) 대여시작시간 후 취소 불가 ▶ 개인용 상품 구독권 1) 예약 (결제) 체결 후 30분 이내 취소 시, 혹은 이용 2일 전 까지 취소 시 수수료 미부과 (최우선 조건) 2) 이용 개시일 전일 취소 : 결제한 요금 (구독요금, 면책상품 요금) 의 5%를 취소 수수료로 부과 3) 이용 개시일 당일 취소 : 차량 제어 이력이 없는 경우에 한해, 이용 시작 10분 전까지만 취소 가능하며 결제한 요금 (구독요금, 면책상품 요금) 의 10%를 취소 수수료로 부과 4) 2개월 (8주) 이상의 정기 결제자의 경우 4주 단위로 동일한 조건을 적용하며, 단, 정기결제 할인을 받았을 경우, 할인된 금액 만큼 취소 수수료로 추가 부과 한다.", "primary_key": "52166>1>1.11", "path": "팔레트>위블비즈 고객센터>업무지식>운행, 반납>운행,반납 FAQ"}, {"title": "운행, 반납 FAQ", "section": "차량이용 문의", "paragraph": "18시 까지 예약한 줄 알았는데, 반납 알림이 왔어요.", "contents": "Q. 18시 까지 예약한 줄 알았는데, 반납 알림이 왔어요. A <보통 사용자가 예약시간을 착각하는 경우가 대부분, FMS 상 예약시간 확인> 예약건 有 : 반납 안내, 도착예정시간 확인 후 이후 예약자 이용에 차질이 없도록 대차 등의 후속조치 진행 예약건 無 : 직접 예약 연장 가능 안내", "primary_key": "52166>1>1.12", "path": "팔레트>위블비즈 고객센터>업무지식>운행, 반납>운행,반납 FAQ"}, {"title": "운행, 반납 FAQ", "section": "차량이용 문의", "paragraph": "연장이 필요한데, 이미 이용 시간이 지나서 시간 연장을 못했습니다.", "contents": "Q. 연장이 필요한데, 이미 이용 시간이 지나서 시간 연장을 못했습니다. A 업무용의 목적이신 경우에 한해 이용 연장을 도와드릴 수 있습니다. 안전한 곳에 정차 후 연락 부탁드립니다. (고객 위치 확인) 연장을 위해 강제 반납 후 연장 예약을 신규 생성하겠습니다. 이후 이용 연장이 필요한 경우에는 예약 시간 종료 전에 연장을 부탁드리겠습니다.", "primary_key": "52166>1>1.29", "path": "팔레트>위블비즈 고객센터>업무지식>운행, 반납>운행,반납 FAQ"}, {"title": "운행, 반납 FAQ", "section": "차량이용 문의", "paragraph": "차량이 위블존 주차장에 도착했는데, 아직 예약 불가 함 확인 후 예약가능하게 변경해주세요", "contents": "Q. 차량이 위블존 주차장에 도착했는데, 아직 예약이 안되요. 예약 가능하게 해주세요. A 담당부서에 내용 전달하여 이용 가능하도록 처리를 도와드리겠습니다. 해당 차량이 예약 가능한 상태가 되면 고객님께 문자로 안내해드려도 괜찮으실까요?", "primary_key": "52166>1>1.13", "path": "팔레트>위블비즈 고객센터>업무지식>운행, 반납>운행,반납 FAQ"}, {"title": "운행, 반납 FAQ", "section": "차량이용 문의", "paragraph": "8001 대여자가 아직 사용 시작을 하지 않아, 주차장에 주차되어 있는데 미사용예정이라면 사용하고 싶어요.", "contents": "Q. 8001 대여자가 아직 사용 시작을 하지 않아, 주차장에 주차되어 있는데 미사용예정이라면 사용하고 싶어요. A 해당 사용자에게, OB하여 금일 사용 예정인지 확인 후 사용 예정이 없으면 강제 취소후 예약 생성. 사용 예정이라면 시간 확인 후, 상담 요청자에게 예약 불가 안내", "primary_key": "52166>1>1.14", "path": "팔레트>위블비즈 고객센터>업무지식>운행, 반납>운행,반납 FAQ"}, {"title": "운행, 반납 FAQ", "section": "차량이용 문의", "paragraph": "비즈니스 이용 시작 후, 업무용 사용 목적지가 변경되었는데 어떻게 해야 할까요?", "contents": "Q. 비즈니스 이용 시작 후, 업무용 사용 목적지가 변경되었는데 어떻게 해야 할까요? A 이용 시작된 건은 목적지 수정이 불가합니다.", "primary_key": "52166>1>1.15", "path": "팔레트>위블비즈 고객센터>업무지식>운행, 반납>운행,반납 FAQ"}, {"title": "운행, 반납 FAQ", "section": "차량이용 문의", "paragraph": "비즈니스 이용 시작 전, 목적지 변경 가능할까요?", "contents": "Q. 비즈니스 이용 시작 전, 목적지 변경 가능할까요? A 이용 시작 10분 전까지는 변경가능하며, 시작 시간 이후에는 변경이 불가능합니다. 필요한 경우 취소후 재예약으로 가능합니다.", "primary_key": "52166>1>1.16", "path": "팔레트>위블비즈 고객센터>업무지식>운행, 반납>운행,반납 FAQ"}, {"title": "운행, 반납 FAQ", "section": "차량이용 문의", "paragraph": "사전 점검을 하는데 다음으로 넘어가지 않아요.", "contents": "Q. 사전 점검을 하는데 다음으로 넘어가지 않아요. A App 재부팅, 핸드폰 전원 재부팅 후 사전점검을 다시 시도해주시고, 시도 후에도 동일증상 발생한다면 재연락부탁드립니다. (재인입시)FMS에서 대여 시작 안내. 차량 상태를 육안으로 확인해주시고, 긁힌 부분등 차량 파손부위가 있다면 운행 전 사진을 촬영하여 보관 부탁드립니다.", "primary_key": "52166>1>1.17", "path": "팔레트>위블비즈 고객센터>업무지식>운행, 반납>운행,반납 FAQ"}, {"title": "운행, 반납 FAQ", "section": "차량이용 문의", "paragraph": "★시동은 걸리는데 드라이빙 모드 &#40;D&#41;로 변경이 안됩니다.", "contents": "", "primary_key": "52166>1>1.18", "path": "팔레트>위블비즈 고객센터>업무지식>운행, 반납>운행,반납 FAQ"}, {"title": "운행, 반납 FAQ", "section": "차량이용 문의", "paragraph": "충전카드 불량으로 개인 비용 사용한 금액은 언제 환급되나요?", "contents": "Q. 충전카드 불량으로 개인 비용 사용한 금액은 언제 환급되나요? A 영업일기준 14일 이후 환불 예정입니다. 이후에도 입금이 확인되지 않으신다면 재연락부탁드립니다.", "primary_key": "52166>1>1.19", "path": "팔레트>위블비즈 고객센터>업무지식>운행, 반납>운행,반납 FAQ"}, {"title": "운행, 반납 FAQ", "section": "차량이용 문의", "paragraph": "미수금 결제 했는데, 예약화면에서 미수금으로 예약이 안되요.", "contents": "Q. 미수금 결제 했는데, 예약화면에서 미수금으로 예약이 안되요. A FMS상 미수금 내역 확인 > 미수금 있다면 결제 시도 > 체크카드의 경우 잔액 불가시 결제 실패 표기 > 실패 사유 안내 후 재 조치", "primary_key": "52166>1>1.20", "path": "팔레트>위블비즈 고객센터>업무지식>운행, 반납>운행,반납 FAQ"}, {"title": "운행, 반납 FAQ", "section": "차량이용 문의", "paragraph": "내일 오전 7시 반에 이용 가능한 차량이 있나요?", "contents": "Q. 내일 오전 7시 반에 이용가능한 차량이 있나요? A FMS상 업무용으로 시간 제한 없이 (24시간) 이용가능한 업무용 차량 확인 후 차량 안내.", "primary_key": "52166>1>1.21", "path": "팔레트>위블비즈 고객센터>업무지식>운행, 반납>운행,반납 FAQ"}, {"title": "운행, 반납 FAQ", "section": "차량이용 문의", "paragraph": "차량 점검 시, 차량 점검보조시스템 경고 점등되어서 대차 요청", "contents": "Q. 차량 점검 시, 차량 점검보조시스템 경고 점등되어서 다른 차를 이용하고 싶어요. A 말씀해주신 경고등 점등의 경우 차량 운행에는 지장이 없습니다. (그래도 대차를 원한다면) 그러시다면 대차 가능한 차량이 있는지 확인해보겠습니다.", "primary_key": "52166>1>1.22", "path": "팔레트>위블비즈 고객센터>업무지식>운행, 반납>운행,반납 FAQ"}, {"title": "운행, 반납 FAQ", "section": "차량이용 문의", "paragraph": "전기차의 경우 고속도로 통행료가 할인되는데 위블비즈도 해당 되나요?", "contents": "Q. 전기차의 경우 고속도로 통행료가 할인되는데 위블비즈도 해당 되나요? A 위블비즈도 전기차의 경우 고속도로 통행료 50% 할인이 적용됩니다. 다만, 통행료를 받는 민자도로의 경우 할인 보장이 되지 않는 다는 점 참고 바랍니다.(신월지하차도 등)", "primary_key": "52166>1>1.23", "path": "팔레트>위블비즈 고객센터>업무지식>운행, 반납>운행,반납 FAQ"}, {"title": "운행, 반납 FAQ", "section": "차량이용 문의", "paragraph": "차량 예약을 했는데, 실수로 App을 삭제했어요. 업무 시간이 임박하여 실물키로 차량 이용 중인데, 미사용 반납 처리 가능 문의", "contents": "Q. 차량 예약을 했는데, 실수로 App을 삭제했어요. 업무 시간이 임박하여 실물키로 차량 이용 중인데, 미사용 반납 처리 가능 문의 A 보통 차량 예약 후, App을 삭제하면, App 재설치 후 정상 이용 가능 안내. 실물키로 이용을 하고 있고, 실제로 이용 중이라면 반납 시 앱 사용 없이 실물키로 문잠그기 안내. (기존 예약건은 이용 시작을 안했으므로 예약 시간이 지나면 노쇼로 자동 취소 및 반납 처리) 업무용 차량 사용 기록 및 관리를 위해 향후 차량 이용시 App 사용 요청", "primary_key": "52166>1>1.24", "path": "팔레트>위블비즈 고객센터>업무지식>운행, 반납>운행,반납 FAQ"}, {"title": "운행, 반납 FAQ", "section": "차량이용 문의", "paragraph": "차량이 충전중인데, 이 차도 이용 가능한가요?", "contents": "Q. 차량이 충전중인데, 이 차도 이용 가능한가요? A 충전중인 차량도 이용하고자 하는 대여 시간에 다른 예약이 없다면, 예약 후 이용 가능.", "primary_key": "52166>1>1.25", "path": "팔레트>위블비즈 고객센터>업무지식>운행, 반납>운행,반납 FAQ"}, {"title": "운행, 반납 FAQ", "section": "차량이용 문의", "paragraph": "이용 전 사진 촬영 후 이용 불가 한데 어떻게 하나요?", "contents": "Q. 이용 전 사진 촬영 후 이용 불가 한데 어떻게 하나요? A FMS상으로 이용완료 처리 > 오류 화면에 대해서 카톡 상담으로 전송 요청", "primary_key": "52166>1>1.30", "path": "팔레트>위블비즈 고객센터>업무지식>운행, 반납>운행,반납 FAQ"}, {"title": "운행, 반납 FAQ", "section": "차량이용 문의", "paragraph": "프리미엄 구독했는데, 실물키 받을 수 있나요?", "contents": "Q. 프리미엄 구독했는데, 실물키 받을 수 있나요? A 실물키를 제공해드리기는 어렵습니다. 위블비즈 서비스는 앱 내 스마트키를 기반으로 제공하는 점 양해 부탁드립니다.", "primary_key": "52166>1>1.31", "path": "팔레트>위블비즈 고객센터>업무지식>운행, 반납>운행,반납 FAQ"}, {"title": "운행, 반납 FAQ", "section": "차량이용 문의", "paragraph": "실수로 다른 차량 사진을 촬영했습니다.", "contents": "Q. 실수로 다른 차량 사진을 촬영했습니다. A 실 대여하실 차량 외부사진 점검차 사진 촬영하여 보관해주시고 메모해두겠다고 말씀드림.", "primary_key": "52166>1>1.32", "path": "팔레트>위블비즈 고객센터>업무지식>운행, 반납>운행,반납 FAQ"}, {"title": "운행, 반납 FAQ", "section": "스마트키 문의", "paragraph": "스마트키는 어떻게 사용하는 건가요?", "contents": "Q. 스마트키는 어떻게 사용하는 건가요? A 예약 시간 10분 전부터 스마트키 중 경적과 비상등 제어, 차량 점검 기능이 활성화되며, 차량 상태 점검(외관 상태 기록) 후 확인을 누르면, 차량 문 열기 버튼이 활성화 되어 내부 점검 가능 (내관 사진촬영 및 상태 확인) 후 이용 시작하기 누르면 이후 부터 운전이 가능합니다. <div > </div>", "primary_key": "52166>2>2.1", "path": "팔레트>위블비즈 고객센터>업무지식>운행, 반납>운행,반납 FAQ"}, {"title": "운행, 반납 FAQ", "section": "스마트키 문의", "paragraph": "★잘 사용하다가 갑자기 스마트키 제어가 안됩니다.", "contents": "Q. 잘 사용하다가 갑자기 스마트키 제어가 안됩니다. A 지금 스마트키 화면이 차량점검 과 비상등+경적만 활성화 되어있는 상태이십니까? (통화로 파악이 어려운 경우 카톡상담으로 캡쳐화면 전송요청) <img src=\"[!CKMS_URL!]/crosseditor/binary/20240126161648402_ZMCTD60A.png\" title=\"external_image\" alt=\"external_image\" > (운행 후 정차중 제어불가시에는 1번 1. 차량점검 완료 여부 확인 차량 점검을 완료하신 후에 차량 제어가 가능하신대요. 차량 점검은 완료하셨나요?  ☞ 점검 미진행 고객의 경우 점검 후 정상이용 확인 안내    ※ 점검 후 정상이용 불가로 재인입시 2번부터 확인 2. 앱 재실행 후 스마트키 활성화 여부 확인 이용 시작이 정상 반영되지 않는 경우 간혈적으로 발생되는 오류입니다. 번거로우시겠지만, 어플을 재실행 후 스마트키가 활성화되는지 확인 부탁드리겠습니다.  ☞ 스마트키 활성화된 경우 정상 이용가능 안내 후 종료 3. 스마트키 비활성화 화면 카톡상담으로 송부 요청, FMS [이용] 처리 후 스마트키 활성화 여부 확인 [FMS 처리 경로] FMS > 대여/결제 관리 > 대여관리 > 대여 관리 상세 > 우측사안 [이용] 클릭   ☞ 이후 불가시 FOB ON /", "primary_key": "52166>2>2.2", "path": "팔레트>위블비즈 고객센터>업무지식>운행, 반납>운행,반납 FAQ"}, {"title": "운행, 반납 FAQ", "section": "스마트키 문의", "paragraph": "★스마트키가 비활성화 되었어요", "contents": "Q. 스마트키가 비활성화 되었어요 A 지금 스마트키 화면이 차량점검 과 비상등+경적만 활성화 되어있는 상태이십니까? (통화로 파악이 어려운 경우 카톡상담으로 캡쳐화면 전송요청) <img src=\"[!CKMS_URL!]/crosseditor/binary/20240126161655479_3DZT4Z7X.png\" title=\"external_image\" alt=\"external_image\" > 1. 차량점검 완료 여부 확인 차량 점검을 완료하신 후에 차량 제어가 가능하신대요. 차량 점검은 완료하셨나요?  ☞ 점검 미진행 고객의 경우 점검 후 정상이용 확인 안내    ※ 점검 후 정상이용 불가로 재인입시 2번부터 확인 2. 앱 재실행 후 스마트키 활성화 여부 확인 이용 시작이 정상 반영되지 않는 경우 간혈적으로 발생되는 오류입니다. 번거로우시겠지만, 어플을 재실행 후 스마트키가 활성화되는지 확인 부탁드리겠습니다.  ☞ 스마트키 활성화된 경우 정상 이용가능 안내 후 종료 3. 스마트키 비활성화 화면 카톡상담으로 송부 요청, FMS [이용] 처리 후 스마트키 활성화 여부 확인 [FMS 처리 경로] FMS > 대여/결제 관리 > 대여관리 > 대여 관리 상세 > 우측사안 [이용] 클릭", "primary_key": "52166>2>2.3", "path": "팔레트>위블비즈 고객센터>업무지식>운행, 반납>운행,반납 FAQ"}, {"title": "운행, 반납 FAQ", "section": "스마트키 문의", "paragraph": "아무리 버튼을 눌러도 차량 문이 열리지않아요.", "contents": "Q. 아무리 버튼을 눌러도 차량 문이 열리지않아요. A 회원 정보, 대여번호 정보 및 대여현황 확인 후, 차량관제에서 FMS상 문 제어  고객에게는 어플 재구동 요청 > 동일 증상 발생시 재연락 안내 <div > </div>", "primary_key": "52166>2>2.4", "path": "팔레트>위블비즈 고객센터>업무지식>운행, 반납>운행,반납 FAQ"}, {"title": "운행, 반납 FAQ", "section": "스마트키 문의", "paragraph": "★예약 시간이 다되어서, 이용하려고 하는데 스마트키가 보이지 않아요.", "contents": "Q. 예약 시간이 다되어서, 이용하려고 하는데 스마트키가 보이지 않아요. A 지금 스마트키 화면이 차량점검 과 비상등+경적만 활성화 되어있는 상태이십니까? (통화로 파악이 어려운 경우 카톡상담으로 캡쳐화면 전송요청) <img src=\"[!CKMS_URL!]/crosseditor/binary/20240126161703162_AI7M5D8K.png\" title=\"external_image\" alt=\"external_image\" > 1. 차량점검 완료 여부 확인 차량 점검을 완료하신 후에 차량 제어가 가능하신대요. 차량 점검은 완료하셨나요?  ☞ 점검 미진행 고객의 경우 점검 후 정상이용 확인 안내    ※ 점검 후 정상이용 불가로 재인입시 2번부터 확인 2. 앱 재실행 후 스마트키 활성화 여부 확인 이용 시작이 정상 반영되지 않는 경우 간혈적으로 발생되는 오류입니다. 번거로우시겠지만, 어플을 재실행 후 스마트키가 활성화되는지 확인 부탁드리겠습니다.  ☞ 스마트키 활성화된 경우 정상 이용가능 안내 후 종료 3. 스마트키 비활성화 화면 카톡상담으로 송부 요청, FMS [이용] 처리 후 스마트키 활성화 여부 확인 [FMS 처리 경로] FMS > 대여/결제 관리 > 대여관리 > 대여 관리 상세 > 우측사안 [이용] 클릭", "primary_key": "52166>2>2.5", "path": "팔레트>위블비즈 고객센터>업무지식>운행, 반납>운행,반납 FAQ"}, {"title": "운행, 반납 FAQ", "section": "스마트키 문의", "paragraph": "차량 문이 열림, 닫힘은 정상적으로 되는데, 시동이 걸리지않아요.", "contents": "Q. 차량 문이 열림, 닫힘은 정상적으로 되는데, 시동이 걸리지않아요. A 앱 종료 후 재시도, 앱 업데이트 여부 확인 요청. 그래도 안된다면, 차량 제어 서버 확인 -> FOB Off 상태면 FOB On으로 변경. 해결 안될 시 담당부서 확인 요청", "primary_key": "52166>2>2.6", "path": "팔레트>위블비즈 고객센터>업무지식>운행, 반납>운행,반납 FAQ"}, {"title": "운행, 반납 FAQ", "section": "스마트키 문의", "paragraph": "차랑 대여 시간이 되어서 도어를 열려고 하는데 안열려요", "contents": "Q. 차랑 대여 시간이 되어서 도어를 열려고 하는데 안열려요 A FMS로 해당 대여건 확인 > 사전 점검 완료 (외관 확인) 되었는지 확인 > 해당 건 완료 되어야 도어 제어 및 내부 점검 가능 함 안내", "primary_key": "52166>2>2.7", "path": "팔레트>위블비즈 고객센터>업무지식>운행, 반납>운행,반납 FAQ"}, {"title": "운행, 반납 FAQ", "section": "스마트키 문의", "paragraph": "차량 이용 시 시동이 안 걸리고, 접속이 원할하지 않은 이슈가 있었고, 지금은 괜찮다고 함.", "contents": "Q. 차량 이용 시 시동이 안 걸리고, 접속이 원할하지 않은 이슈가 있었고, 지금은 괜찮다고 함. A App 사용시, 인터넷 환경 및 블루투스 등에 영향을 받기 때문에 가급적인 엘리베이터 같은 폐쇄된 공간보다는 지상 이용해 주실 것 안내", "primary_key": "52166>2>2.8", "path": "팔레트>위블비즈 고객센터>업무지식>운행, 반납>운행,반납 FAQ"}, {"title": "운행, 반납 FAQ", "section": "스마트키 문의", "paragraph": "차량 예약을 했는데, 스마트키는 언제 활성화 되나요?", "contents": "Q. 차량 예약을 했는데, 스마트키는 언제 활성화 되나요? A 스마트키 활성화는 대여 예약 시작 시간 10분 전부터 활성화됩니다.", "primary_key": "52166>2>2.9", "path": "팔레트>위블비즈 고객센터>업무지식>운행, 반납>운행,반납 FAQ"}, {"title": "운행, 반납 FAQ", "section": "스마트키 문의", "paragraph": "스마트키 비활성화 되는데 어떻게 하나요?", "contents": "Q. 스마트키 비활성화 되는데 어떻게 하나요? A 보통 스마트키 활성화가 되지 않는 이유는, 사전점검 완료되지 않은 걸로 확인되어 통화 종료 보통 App 오류가 아닌 이상, 사전 점검 하지 않고 이용하는 경우 있음. App 재기동, 사전점검 등 완료 했는데도 스마트키 활성화가 안된다면 담당부서 리포팅. 피치 못할 사정으로 App으로 제어가 어려운데, 차량을 이용해야 하는 상황이라면, FMS 상으로 차량 문열림, 문닫힘, 반납 등 필요한 기능을 유선 또는 고객센터 톡 등을 통해서 지원", "primary_key": "52166>2>2.10", "path": "팔레트>위블비즈 고객센터>업무지식>운행, 반납>운행,반납 FAQ"}, {"title": "운행, 반납 FAQ", "section": "동승자 문의", "paragraph": "★등승자기재 했으나 동승자에게 알림톡이 수신 되지 않아요", "contents": "Q. 등승자기재 했으나 동승자에게 알림톡이 수신 되지 않아요 A 예약건 內 동승자 정상 등록 여부 확인 동승자 등록이 되어 있지 않다면, 추후에는 해당 부분 예약 완료 화면 캡처하여 회신 요청 드림. 동승자 등록 되어 있다면, 정상 등록 됨 안내하고, 해당 건은 사업 담당에 전달하여 오류 확인 진행. 동승자 미등록시 처리방안 확인필요 <div></div>", "primary_key": "52166>3>3.1", "path": "팔레트>위블비즈 고객센터>업무지식>운행, 반납>운행,반납 FAQ"}, {"title": "운행, 반납 FAQ", "section": "동승자 문의", "paragraph": "동승자 등록 후 삭제하려고 하는데 삭제가 불가능해요", "contents": "Q. 동승자 등록 후 삭제하려고 하는데 삭제가 불가능해요 A 차량 이용 시작 시간 10분전까지, 동승자, 동승운전자 정보 변경 가능. 예약 및 이용 내역 > 일반 내역 선택 > 업무 정보 수정 > 동승자 옆 (x) 표시 눌러 삭제 가능 안내. 고객이 직접 처리가 어려운 경우, FMS상 대여 관리 내역에서 해당 대여내역 상세에서 동승자, 동승운전자 정보 수정 <div > </div>", "primary_key": "52166>3>3.2", "path": "팔레트>위블비즈 고객센터>업무지식>운행, 반납>운행,반납 FAQ"}, {"title": "운행, 반납 FAQ", "section": "동승자 문의", "paragraph": "동승운전자의 운전면허 갱신으로 인해 예약건을 사용할 수 없다고 나와요.", "contents": "Q. 동승운전자의 운전면허 갱신으로 인해 예약건을 사용할 수 없다고 나와요. A FMS에서 예약 강제 취소 후, 예약 재생성. 재 생성시 기존 예약건에 대해서 목적지, 업무 내용 함께 기입하여 생성 <div > </div>", "primary_key": "52166>3>3.3", "path": "팔레트>위블비즈 고객센터>업무지식>운행, 반납>운행,반납 FAQ"}, {"title": "운행, 반납 FAQ", "section": "동승자 문의", "paragraph": "동승운전자가 있는데 어떻게 추가하는 건가요?", "contents": "Q. 동승운전자가 있는데 어떻게 추가하는 건가요? A 동승운전자는이용시작 10분 전까지 동승운전자 추가 항목을 통해서 직접 추가가 가능합니다. 이용 시작 10분 전까지 추가하지 못한경우엔 예약 취소 후 재예약을 하셔야 합니다. 다만, 취소 재예약의 경우 최소 30 분부터 10 분 단위로 대여 예약이 가능하다는 점 양해 부탁드립니다. ※ 주의사항 ※ 비즈니스 프로필로 차량 예약 시동승자, 동승운전자는 합해서 최대 4명까지 등록 가능합니다. 비즈니스 프로필의 경우 준회원 상태에서는 타 동료의 예약에 &lsquo;동승자&rsquo;로만 설정될 수 있습니다. 동승운전자는 위블비즈 정회원이며, 개인 결제카드가 등록된 이용자에 한해 등록 가능 합니다. 개인 프로필로 차량 예약 시, &lsquo;동승운전자&rsquo;를 최대 1인까지 등록 가능하며, 위블비즈 정회원에 한해 등록 가능합니다.", "primary_key": "52166>3>3.4", "path": "팔레트>위블비즈 고객센터>업무지식>운행, 반납>운행,반납 FAQ"}, {"title": "운행, 반납 FAQ", "section": "동승자 문의", "paragraph": "김담비를 동승자로 추가 하고 싶은데, 동승운전자에는 추가가 안됩니다.", "contents": "Q. 김담비를 동승자로 추가 하고 싶은데, 동승운전자에는 추가가 안됩니다. A 동승자와 동승운전자는 동시에 등록할 수 없습니다. 동승자 또는 동승운전자를 선택하여 검색 후 입력해주세요", "primary_key": "52166>3>3.5", "path": "팔레트>위블비즈 고객센터>업무지식>운행, 반납>운행,반납 FAQ"}, {"title": "운행, 반납 FAQ", "section": "동승자 문의", "paragraph": "대여시간이 시작되어서 동승자가 추가 되지 않아요.", "contents": "Q. 대여시간이 시작되어서 동승자가 추가 되지 않아요. A 동승운전자는 이용시작 10분 전까지 동승운전자 추가 항목을 통해서 직접 추가가 가능합니다. 이용 시작 10분 전까지 추가하지 못한 경우엔 예약 취소 후 재예약을 하셔야 합니다. 다만, 취소 재예약의 경우 최소 30분부터 10분 단위로 대여 예약이 가능하다는 점 양해 부탁드립니다.", "primary_key": "52166>3>3.6", "path": "팔레트>위블비즈 고객센터>업무지식>운행, 반납>운행,반납 FAQ"}, {"title": "운행, 반납 FAQ", "section": "동승자 문의", "paragraph": "동승운전자가 등록이 되지 않아요. 운전은 동승운전자가 할 예정이예요.", "contents": "Q. 동승운전자가 등록이 되지 않아요. 운전은 동승운전자가 할 예정이예요. A 동승운전자는 이용시작 10분 전까지 동승운전자 추가 항목을 통해서 직접 추가가 가능합니다. 이용 시작 10분 전까지 추가하지 못한 경우엔 (동승 운전자가) 신규 예약을 하면 이용이 가능합니다. - 기존 예약건 반납 처리 후 신규 예약을 동승운전자가 예약할 수 있도록 안내 - 기존 예약건은 결제 취소되며, 신규 예약건에 대해서만 비용이 청구되도록(이중청구되지 않도록) 확인", "primary_key": "52166>3>3.7", "path": "팔레트>위블비즈 고객센터>업무지식>운행, 반납>운행,반납 FAQ"}, {"title": "운행, 반납 FAQ", "section": "동승자 문의", "paragraph": "동승운전자도 보험 적용이 되나요?", "contents": "Q. 동승운전자도 보험 적용이 되나요? A 동승 운전자도 대여 예약자와 동일한 보험 조건이 적용됩니다.", "primary_key": "52166>3>3.8", "path": "팔레트>위블비즈 고객센터>업무지식>운행, 반납>운행,반납 FAQ"}, {"title": "운행, 반납 FAQ", "section": "동승자 문의", "paragraph": "동승운전자로 지정하면 스마트키 활성화가 되나요?", "contents": "Q. 동승운전자로 지정하면 스마트키 활성화가 되나요? A 스마트키는 예약자만 활성화됩니다. 동승운전자는 예약자와 동승한 경우에만 차량 주행이 가능합니다. <div > </div>", "primary_key": "52166>3>3.9", "path": "팔레트>위블비즈 고객센터>업무지식>운행, 반납>운행,반납 FAQ"}, {"title": "운행, 반납 FAQ", "section": "차량반납 문의", "paragraph": "예상 부터 일정이 빨리 끝나면, 빨리 반납해도 되나요?", "contents": "Q. 예상 부터 일정이 빨리 끝나면, 빨리 반납해도 되나요? A반납 예정 시각보다 일찍 반납이 가능합니다.", "primary_key": "52166>4>4.1", "path": "팔레트>위블비즈 고객센터>업무지식>운행, 반납>운행,반납 FAQ"}, {"title": "운행, 반납 FAQ", "section": "차량반납 문의", "paragraph": "반납을 하려고 하니, 차량 반납 처리가 안되요", "contents": "Q. 반납을 하려고 하니, 차량 반납 처리가 안되요 A App 종료 후 재 실행 후 시도 권유 반납 전 시동끄고, 문잠금까지 다 진행 했는지 재 확인. FMS상에서 차량 위치 위블존에 있는지 확인 후, Fob Off 시도 후 성공 처리 되면, 고객에게 반납처리 진행 요청. App 자체에서 더 이상 고객이 처리가 어려운 상황이라면, FMS 상에서 반납 처리 진행. 반납 처리 진행 전 실제 주차 위치 등 확인하고, 차량관제 화면을 통해 차량 위치 비교 하고, 주차지역 위블존 기재 후 반납 처리", "primary_key": "52166>4>4.2", "path": "팔레트>위블비즈 고객센터>업무지식>운행, 반납>운행,반납 FAQ"}, {"title": "운행, 반납 FAQ", "section": "차량반납 문의", "paragraph": "반납을 하려고 하니, 만차로 인해서 주차장 지정 공간에 반납이 불가 합니다.", "contents": "Q. 반납을 하려고 하니, 만차로 인해서 주차장 지정 공간에 반납이 불가 합니다. A FMS 차량 위치 확인 및 차량 상태 확인. 문잠금 등 이상 없으면, 고객에게 상세 주차 위치 기재 안내 하고, 강제 반납 처리. 주차 위치는 다음 사람 또는 필드매니저가 확인 가능할 수 있도록 내부 전파 필요", "primary_key": "52166>4>4.3", "path": "팔레트>위블비즈 고객센터>업무지식>운행, 반납>운행,반납 FAQ"}, {"title": "운행, 반납 FAQ", "section": "차량반납 문의", "paragraph": "차량 반납 정위치가 아니라면서 차량 반납이 안되요", "contents": "Q. 차량 반납 정위치가 아니라면서 차량 반납이 안되요 A FMS상 차량 위치 확인. 현재 차량 위치가 위블존 내 있다면 강제 반납 처리를 위해서 위치 확인을 위해 근처 사진을 고객센터에서 받아 놓고, 차량 반납 처리 진행. GPS상 문제 확인 되어 보이면, 해당 내용 담당부서에 리포팅 진행.", "primary_key": "52166>4>4.4", "path": "팔레트>위블비즈 고객센터>업무지식>운행, 반납>운행,반납 FAQ"}, {"title": "운행, 반납 FAQ", "section": "차량반납 문의", "paragraph": "차량 반납처리를 했는데, 문잠금이 안되요", "contents": "Q. 차량 반납처리를 했는데, 문잠금이 안되요 A FMS > 차량관제에서 문잠금 명령 실행.", "primary_key": "52166>4>4.5", "path": "팔레트>위블비즈 고객센터>업무지식>운행, 반납>운행,반납 FAQ"}, {"title": "운행, 반납 FAQ", "section": "차량반납 문의", "paragraph": "차량 충전기 서버 연결 불가로 반납 불가", "contents": "Q. 차량 충전기 서버 연결 불가로 반납 불가 A 담당부서에 문의 (차량 문제 보다, 기기 문제일 가능성 높아서 확인 필요함)", "primary_key": "52166>4>4.6", "path": "팔레트>위블비즈 고객센터>업무지식>운행, 반납>운행,반납 FAQ"}, {"title": "운행, 반납 FAQ", "section": "차량반납 문의", "paragraph": "반납을 19시까지 할 것 같은데, 이후에 예약자가 있는지 등 문의드려요.", "contents": "Q. 반납을 19시까지 할 것 같은데, 이후에 예약자가 있는지 등 문의드려요. A FMS통해서, 이후 예약자 유무 여부 확인. ㄴ 예약자가 없다면, 반납지연 상태로 이용 가능하며 18시 이후 반납 지연 알림 발송되는 점 안내. 다음 대여자가 없지만 최대한 빠른 반납 요청 ㄴ 예약자가 있다면, 뒤 예약자에게 이용 예정시간 확인 후, 19시에 이용해도 상관 없다면 별도의 조치 없이 진행하고, 바로 이용해야 한다면 대차등 추가 조치 진행", "primary_key": "52166>4>4.7", "path": "팔레트>위블비즈 고객센터>업무지식>운행, 반납>운행,반납 FAQ"}, {"title": "운행, 반납 FAQ", "section": "차량반납 문의", "paragraph": "반납 지연 상태인데, 반납 연장 하고 싶어요.", "contents": "Q. 반납 지연 상태인데, 반납 연장 하고 싶어요. A FMS통해서, 이후 예약자 유무 여부 확인 ㄴ 예약자가 있다면, 뒤 예약자에게 이용 예정시간 확인 및 연장 요청 시간 확인 ㄴ 이용 지연 중이기 때문에 연장 예약은 생성이 불가하며, 신규 예약 생성을 하려면 안전한 곳에 정차 후 Call을 통해, 반납 후 신규 예약 생성 진행. ㄴ 단, 지연요금, 패널티 등 발생할 수 있는 점 함께 안내.", "primary_key": "52166>4>4.8", "path": "팔레트>위블비즈 고객센터>업무지식>운행, 반납>운행,반납 FAQ"}, {"title": "운행, 반납 FAQ", "section": "차량반납 문의", "paragraph": "반납이 10~15분 정도 늦을 것 같아요", "contents": "Q. 반납이 10~15분 정도 늦을 것 같아요 A FMS통해서, 이후 예약자 유무 여부 확인. ㄴ 반납 지연에 따른 패널티 및 지연요금 발생 안내. ㄴ 예약자가 없다면, 반납지연 상태로 이용 가능하며 18시 이후 반납 지연 알림 발송되는 점 안내. 다음 대여자가 없지만 최대한 빠른 반납 요청. ㄴ 예약자가 있다면, 뒤 예약자에게 이용 예정시간 확인 후, 19시에 이용해도 상관 없다면 별도의 조치 없이 진행하고, 바로 이용해야 한다면 대차등 추가 조치 진행", "primary_key": "52166>4>4.9", "path": "팔레트>위블비즈 고객센터>업무지식>운행, 반납>운행,반납 FAQ"}]}