{"data": [{"title": "기본응대 스크립트", "section": "기본응대 스크립트", "paragraph": "기본응대 스크립트", "contents": "<table border=\"0\" cellpadding=\"0\" cellspacing=\"0\" class=\"\"><tbody><tr height=\"82\" ><td colspan=\"3\" height=\"82\" width=\"1116\" align=\"left\" valign=\"top\" > <img src=\"[!CKMS_URL!]/crosseditor/binary/20240215153823671_PGV8XHGQ.png\" title=\"external_image\" alt=\"external_image\" class=\"\"> <table cellpadding=\"0\" cellspacing=\"0\"><tbody><tr><td colspan=\"3\" height=\"82\" width=\"1116\" > 이베코그룹코리아 기본응대 스크립트 </td></tr></tbody></table></td></tr><tr height=\"39\" ><td colspan=\"2\" rowspan=\"2\" height=\"78\" > 첫인사 </td><td > ◈ 첫인사 (인사말,소속) 정확한 발음과 밝은 음성으로 진행 </td></tr><tr height=\"39\" ><td height=\"39\" > 멘트 : 안녕하십니까? 이베코그룹코리아 고객지원센터 입니다. 무엇을 도와드릴까요?↗ </td></tr><tr height=\"39\" ><td colspan=\"2\" rowspan=\"3\" height=\"117\" > 문의파악 </td><td > ◈ 고객 첫 질의를 놓치지말고 경청하기 </td></tr><tr height=\"39\" ><td height=\"39\" > ◈ 고객 첫 질의를 상담사가 이해 못 할 시 탐색 필요 </td></tr><tr height=\"39\" ><td height=\"39\" > 멘트 : 아~그러세요. OOO 내용 맞으십니까? </td></tr><tr height=\"39\" ><td colspan=\"2\" rowspan=\"4\" height=\"138\" > 본인확인 </td><td > ◈ 차량정보 확인 및 차주 OR 차주와의 관계(실운행자) 확인 </td></tr><tr height=\"60\" ><td height=\"60\" width=\"1016\" > 멘트1 : [상황에 맞는 양해 멘트] 실례지만 원활한 상담을 위해 차대번호와 성함 확인 부탁드립니다.      (차대번호 확인 불가시) 차량 전체 번호와 성함 말씀해 주시겠습니까? </td></tr><tr height=\"39\" ><td height=\"39\" > ◈ 정보 확인에 대한 감사멘트 </td></tr><tr height=\"39\" ><td height=\"39\" > 멘트 : (소중한 정보) 확인 감사합니다. </td></tr><tr height=\"39\" ><td colspan=\"2\" rowspan=\"3\" height=\"141\" > 차종확인 </td><td > 멘트 : 차종은 어떻게 되십니까? </td></tr><tr height=\"63\" ><td height=\"63\" width=\"1016\" > * 고객이 언급한 차종이 자료와 일치하는 정보가 있는지 확인 (액셀자료 조회 :★ 20240130_고객 및 차량정보 전달 (-202401) 최신 / ★20231231_Customer data_Dec'23 (DM for call center)_고객정보검색기 참조)  </td></tr><tr height=\"39\" ><td height=\"39\" > 멘트 : IVECO S-WAY  차량 맞습니까?  </td></tr><tr height=\"39\" ><td colspan=\"2\" rowspan=\"3\" height=\"117\" width=\"100\" > 대기 양해멘트 </td><td > ◈ 고객 문의에 따른 확인이 필요한 경우 대기 양해 멘트 구사 </td></tr><tr height=\"39\" ><td height=\"39\" > ◈ 확인이 지연되는 경우 확인지연 양해 멘트 구사 </td></tr><tr height=\"39\" ><td height=\"39\" > 멘트1 : 확인 후 안내드리겠습니다. 잠시만 기다려 주시겠습니까? ↗ </td></tr><tr height=\"39\" ><td colspan=\"2\" rowspan=\"2\" height=\"183\" width=\"100\" > 가까운 서비스/영업지점 안내 </td><td > ◈ 고객 위치 확인 후 가장 가까운 서비스/영업지점 안내 </td></tr><tr height=\"144\" ><td height=\"144\" width=\"1016\" > 멘트1 : [서비스센터]차량 이상증상에 대한 정확한 원인파악 및 수리를 위해서는 실차 점검을 진행해야합니다.     실례지만 계신지역을 말씀해주시면 가장 가까운 서비스센터 확인 후 안내해드리겠습니다. 멘트2 : [영업지점] 차량구매관련 자세한 상담은 영업지점을 통한 상담이 필요합니다. 실례지만 계신지역을 말씀해주시면     상담가능한 영업지점에서 고객님께 연락을 드릴 수 있도록 접수해드리겠습니다. </td></tr><tr height=\"39\" ><td colspan=\"2\" rowspan=\"3\" height=\"161\" width=\"100\" > 종료인사 </td><td > ◈ 고객문의 내용에 맞는 종료인사 구사 </td></tr><tr height=\"70\" ><td height=\"70\" width=\"1016\" > 멘트1 : 담당자가 내용 확인 후 연락드리기까지 시일이 소요 될 수 있는점 양해부탁드립니다.     원만하게 잘 해결되시길 바라겠습니다. 상담원 OvOvO 였습니다. 감사합니다. </td></tr><tr height=\"52\" ><td height=\"52\" > 멘트2 : 빠른 조치 되시길 바라겠습니다. 상담원 OvOvO 였습니다. 감사합니다. </td></tr></tbody></table>", "primary_key": "52170>1>1.1", "path": "팔레트>이베코코리아 고객센터>스크립트>기본 스크립트"}, {"title": "기본응대 스크립트", "section": "기본응대 스크립트", "paragraph": "이상증상 및 차량상태 탐색", "contents": "<table border=\"0\" cellpadding=\"0\" cellspacing=\"0\" ><tbody><tr height=\"71\" ><td colspan=\"3\" height=\"71\" width=\"1116\" > 이상증상 및 차량상태 탐색 </td></tr><tr height=\"39\" ><td colspan=\"2\" rowspan=\"2\" height=\"78\" width=\"100\" > 적절한 호응어 </td><td > ◈ 최대한 정중하게 공감을 하며 구사 </td></tr><tr height=\"39\" ><td height=\"39\" > 멘트 : 차량문제로 불편드려 죄송합니다. / 차량 이용에 많이 불편하셨겠습니다. / 저희 차량을 믿고 이용해주셨는데 불편드려 죄송합니다. </td></tr><tr height=\"39\" ><td colspan=\"2\" rowspan=\"2\" height=\"68\" width=\"100\" > 추가 이상 증상 확인 </td><td > ◈ 언급한 내용 외 추가 이상증상은 없는지 확인 </td></tr><tr height=\"29\" ><td height=\"29\" > 멘트 : 말씀해주신 이상증상 외 동반되는 다른 이상증상이 있습니까? </td></tr><tr height=\"39\" ><td colspan=\"2\" rowspan=\"2\" height=\"68\" width=\"100\" > 운행가능 여부파악 </td><td > ◈ 긴급출동 및 견인등의 조치가 필요한건은 아닌지 확인 </td></tr><tr height=\"29\" ><td height=\"29\" > 멘트 : 현재 운행은 가능하십니까? </td></tr><tr height=\"39\" ><td colspan=\"2\" rowspan=\"2\" height=\"78\" width=\"100\" > 이전 정비이력 확인 </td><td > ◈ 동일 증상으로 이전에도 수리한 이력이 있는지 확인 </td></tr><tr height=\"39\" ><td height=\"39\" > 멘트 : 실례지만, 이전 동일증상으로 수리를 받으신적은 없으십니까? </td></tr></tbody></table>", "primary_key": "52170>1>1.2", "path": "팔레트>이베코코리아 고객센터>스크립트>기본 스크립트"}, {"title": "기본응대 스크립트", "section": "기본응대 스크립트", "paragraph": "수리 후 재증상", "contents": "<table border=\"0\" cellpadding=\"0\" cellspacing=\"0\" ><tbody><tr height=\"71\" ><td colspan=\"3\" height=\"71\" width=\"1116\" > 수리 후 재증상 </td></tr><tr height=\"39\" ><td colspan=\"2\" rowspan=\"5\" height=\"195\" width=\"100\" > 수리 후 재증상 </td><td > ◈이전 수리 업체 확인(언제/어디서) 및 이전 수리업체를 통한 재점검/재상담 여부 확인 </td></tr><tr height=\"39\" ><td height=\"39\" > 멘트1 : 실례지만, 정확한 확인을 위하여 언제쯤 어느 업체를 통해 수리를 받으셨는지 확인가능하시겠습니까? </td></tr><tr height=\"39\" ><td height=\"39\" > 멘트2 : 동일증상 발생 후 수리를 받은 업체를 통해 추가 점검 및 상담을 해보셨습니까?  </td></tr><tr height=\"39\" ><td height=\"39\" > ◈이전 수리 업체를 통한 재점검 및 상담 유도 </td></tr><tr height=\"39\" ><td height=\"39\" > 멘트1 : 수리 후 동일증상이 발생하는 경우라면 원할한 정비 및 상담을 위해 이전에 입고하신 OO서비스센터를 통해 추가 상담을 해보시는게 좋습니다. </td></tr></tbody></table>", "primary_key": "52170>1>1.3", "path": "팔레트>이베코코리아 고객센터>스크립트>기본 스크립트"}, {"title": "기본응대 스크립트", "section": "기본응대 스크립트", "paragraph": "긴급출동 관련_필수안내", "contents": "<table border=\"0\" cellpadding=\"0\" cellspacing=\"0\" ><tbody><tr height=\"71\" ><td colspan=\"3\" height=\"71\" width=\"1116\" > 긴급출동 관련 </td></tr><tr height=\"39\" ><td colspan=\"2\" rowspan=\"11\" height=\"913\" width=\"100\" > 긴급출동 </td><td > ◈ 차량위치 확인 </td></tr><tr height=\"45\" ><td height=\"45\" > 멘트 : [상세 위치확인]  계신 위치를 상세히 말씀해주시거나 주소지로 확인 가능하실까요? </td></tr><tr height=\"39\" ><td height=\"39\" > ◈ 가까운 서비스센터 안내 및 출동동의 </td></tr><tr height=\"68\" ><td height=\"68\" width=\"1016\" > 고객님, 기다려 주셔서 감사합니다. 현재 계신 위치에서 제일 가까운 센터는 OO서비스센터로 확인됩니다. OO서비스센터를 통해 출동요청을 해드려도 괜찮으시겠습니까? </td></tr><tr height=\"39\" ><td height=\"39\" > ◈ 출동비용 안내 필수 안내 </td></tr><tr height=\"354\" ><td height=\"354\" width=\"1016\" > [기본 안내] 출동 비용은 부품별 보증기간에 따라 상이하며, 보증기간 내 무상 출동이 되더라도 실차 점검 후 비용이 발생될 수 있으며, 보증기간 경과 후 출동/견인 이용 시 비용이 발생됩니다. 비용 관련 자세한 내용은 서비스센터 상담 시 담당자와 상담해 주시기 바랍니다. ※ 보증 기간 별 안내 참고 [보증기간 내] 출동 비용은 부품별 보증기간에 따라 상이하며, 보증기간 내 무상 출동이 되더라도 실차 점검 후 비용이 발생될 수 있는 점 참고 부탁드립니다. 자세한 내용은 서비스센터 상담 시 담당자와 상담해 주시기 바랍니다. [보증기간 경과] 보증기간 경과 후 출동/견인 이용 시 비용이 발생됩니다.비용에 관련 자세한 내용은 서비스센터 상담 시 담당자를 통해 별도 상담해 주시기 바랍니다. </td></tr><tr height=\"39\" ><td height=\"39\" > ◈ 출동관련 필수 안내 (출동 불가 가능성 안내) 필수 안내 </td></tr><tr height=\"118\" ><td height=\"118\" width=\"1016\" > 도로로 출동해야 할 경우 현장의 위험도에 따라 출동이 어려울 수 있으며, 현장조치 불가할 경우 불가피하게 견인 입고해야 할 수 있는점 참고 부탁드립니다. 우선 담당자가 고객님께 연락드려 출동여부에 대해 상세히 상담해 드릴 수 있도록 신속하게전달할 예정이오니통화 종료 후 조금만 기다려 주시기 바랍니다. </td></tr><tr height=\"39\" ><td height=\"39\" > ◈ 2자 통화 연결 </td></tr><tr height=\"94\" ><td height=\"94\" width=\"1016\" > 통화 종료 후 기다려 주시면 서비스센터 담당자와 연결을 해드리기 위해 재 연락 드릴 예정입니다. 담당자 연결이 어려운 경우(연결 실패등) 서비스 센터(또는 센터 당직자)에서 연락 드릴 수 있도록 요청하겠습니다. 연락 받으실 수 있는 연락처는 지금 연락주신 0000번(끝번호)가 맞습니까? </td></tr><tr height=\"39\" ><td height=\"39\" > ◈ 담당자 전달 시 * 차량제원/연락처/성함/이상증상/차량위치/긴급여부 등 확인 필요 </td></tr></tbody></table>", "primary_key": "52170>1>1.4", "path": "팔레트>이베코코리아 고객센터>스크립트>기본 스크립트"}, {"title": "기본응대 스크립트", "section": "기본응대 스크립트", "paragraph": "견인 관련_필수안내", "contents": "<table border=\"0\" cellpadding=\"0\" cellspacing=\"0\" class=\"\" ><tbody><tr><td colspan=\"3\" height=\"71\" width=\"1116\" > 견인 관련 (운행불가/운행불안/긴급건 등) </td></tr><tr height=\"39\" ><td colspan=\"2\" rowspan=\"8\" height=\"703\" width=\"100\" > 견인 </td><td > ◈ 차량위치 확인 </td></tr><tr height=\"45\" ><td height=\"45\" > 멘트 : [상세 위치확인]  계신 위치를 상세히 말씀해주시거나 주소지로 확인 가능하실까요? </td></tr><tr height=\"39\" ><td height=\"39\" > ◈ 가까운 서비스센터 안내 및 출동동의 </td></tr><tr height=\"68\" ><td height=\"68\" width=\"1016\" > 고객님, 기다려 주셔서 감사합니다. 현재 계신 위치에서 제일 가까운 센터는 OO서비스센터로 확인됩니다. OO서비스센터를 통해 출동요청을 해드려도 괜찮으시겠습니까? </td></tr><tr height=\"39\" ><td height=\"39\" > ◈ 출동비용 안내 필수 안내 </td></tr><tr height=\"340\" ><td height=\"340\" width=\"1016\" > [기본 안내] 출동 비용은 부품별 보증기간에 따라 상이하며, 보증기간 내 무상 출동이 되더라도 실차 점검 후 비용이 발생될 수 있으며, 보증기간 경과 후 출동/견인 이용 시 비용이 발생됩니다. 비용 관련 자세한 내용은 서비스센터 상담 시 담당자와 상담해 주시기 바랍니다. ※ 보증 기간 별 안내 참고 [보증기간 내] 출동 비용은 부품별 보증기간에 따라 상이하며, 보증기간 내 무상 출동이 되더라도 실차 점검 후 비용이 발생될 수 있는 점 참고 부탁드립니다. 자세한 내용은 서비스센터 상담 시 담당자와 상담해 주시기 바랍니다. [보증기간 경과] 보증기간 경과 후 출동/견인 이용 시 비용이 발생됩니다.비용에 관련 자세한 내용은 서비스센터 상담 시 담당자를 통해 별도 상담해 주시기 바랍니다. </td></tr><tr height=\"39\" ><td height=\"39\" > ◈ 2자 통화 연결 </td></tr><tr height=\"94\" ><td height=\"94\" width=\"1016\" > 통화 종료 후 기다려 주시면 서비스센터 담당자와 연결을 해드리기 위해 재 연락 드릴 예정입니다. 담당자 연결이 어려운 경우(연결 실패등) 서비스 센터(또는 센터 당직자)에서 연락 드릴 수 있도록 요청하겠습니다. 연락 받으실 수 있는 연락처는 지금 연락주신 0000번(끝번호)가 맞습니까? </td></tr></tbody></table>", "primary_key": "52170>1>1.5", "path": "팔레트>이베코코리아 고객센터>스크립트>기본 스크립트"}, {"title": "기본응대 스크립트", "section": "기본응대 스크립트", "paragraph": "보증수리 관련", "contents": "<table border=\"0\" cellpadding=\"0\" cellspacing=\"0\" class=\"\" ><tbody><tr height=\"71\" ><td colspan=\"3\" height=\"71\" width=\"1116\" > 보증수리관련 </td></tr><tr height=\"39\" ><td colspan=\"2\" rowspan=\"2\" height=\"147\" width=\"100\" > 보증수리 기본 </td><td > ◈ 보증수리 관련 </td></tr><tr height=\"108\" ><td height=\"108\" width=\"1016\" > 차량의 품질 문제는 보증기간에 따라 무상수리가 진행되고 있습니다. 서비스센터 입고 및 차량 점검 후 차량의 품질 문제로 판명된 경우 부품별 보증기간에 따라 보증수리가 진행되고 있으나소모품과 외부요인에 인한 문제로 판명되거나 문제 부품의 보증기간이 경과된 경우에는 보증수리가 어려울 수 있습니다. 자세한 내용은 서비스센터 입고 후 담당자를 통해 상담해 주시기 바랍니다. </td></tr><tr height=\"39\" ><td colspan=\"2\" rowspan=\"2\" height=\"147\" width=\"100\" > 보증수리 불가 불만 </td><td > ◈ 보증수리 불가 불만(재수리건) </td></tr><tr height=\"108\" ><td height=\"108\" width=\"1016\" > 차량의 품질 문제는 보증기간에 따라 무상수리가 진행되고있습니다. 동일증상이라 하더라도 다른 부품의 문제로 판명된 경우 부품별 보증기간에 따라 보증수리가 진행되고 있어 문제 부품의 보증기간이 경과되었다면 무상수리가 어려울 수는 있습니다. 자세한 내용은 입고하셨던 서비스센터 담당자를 통해 재상담해 주시기 바랍니다. </td></tr><tr height=\"45\" ><td colspan=\"2\" rowspan=\"2\" height=\"147\" width=\"100\" > 보증기간 경과 </td><td > ◈부품보증기간 경과 불만 </td></tr><tr height=\"102\" ><td height=\"102\" width=\"1016\" > 차량문제로 인해 유상으로 부품 교체 후 동일 부품의 품질문제 발생 시 부품보증기간에 따라 무상수리가 진행되고있습니다. 부품보증기간은 부품 구입일 기준 1년까지이며 부품보증기간이 경과된 상황에서는 동일부품의 문제라고 판명되었더라도 무상수리가 어렵습니다. 자세한 내용은 입고하셨던 서비스센터 담당자를 통해 재상담해 주시기 바랍니다. </td></tr><tr height=\"39\" ><td colspan=\"2\" rowspan=\"2\" height=\"102\" width=\"100\" > 공통 </td><td > ◈ 재상담 거부 / 상위부서 연결요구 </td></tr><tr height=\"63\" ><td height=\"63\" width=\"1016\" > 고객님의 의중은 충분히 이해가 되나, 본사로 내용 전달을 하더라도 서비스센터를 통한 확인 및 답변이 진행되고 있습니다. 제가 고객님의 의중을 서비스센터로 전달하여 담당자를 통해 재상담 받으실 수 있도록 요청해드려도 괜찮으실까요? </td></tr><tr height=\"64\" ><td colspan=\"2\" height=\"64\" width=\"100\" > 종료인사 </td><td width=\"1016\" > 담당자가 내용 확인 후 연락드리기까지 시일이 소요 될 수 있는점 양해부탁드립니다. 원만하게 잘 해결되시길 바라겠습니다. 상담원 OvOvO 였습니다. 감사합니다. </td></tr></tbody></table>", "primary_key": "52170>1>1.6", "path": "팔레트>이베코코리아 고객센터>스크립트>기본 스크립트"}, {"title": "기본응대 스크립트", "section": "고객만족도 조사 스크립트", "paragraph": "고객만족도 조사", "contents": "<img src=\"[!CKMS_URL!]/crosseditor/binary/20240226133411320_WUIPZLKJ.png\" title=\"external_image\" alt=\"external_image\" >", "primary_key": "52170>7>7.1", "path": "팔레트>이베코코리아 고객센터>스크립트>기본 스크립트"}]}