{"data": [{"title": "목돈급여", "section": "상품개요", "paragraph": "개요", "contents": "장기저축급여 퇴직급여금 중 일정금액을 분할하여 받을 수 있는 저축상품 연 복리 : 4.20% 저율과세(0~3%대) 특별법에 의한 안전성 보장 사망, 상이급여금 지급", "primary_key": "52310>1>1.4", "path": "팔레트>SBI저축은행>저축>목돈급여"}, {"title": "목돈급여", "section": "상품개요", "paragraph": "가입종류", "contents": "<img src=\"[!CKMS_URL!]/crosseditor/binary/20240312151126730_QZ20WAN1.png\" title=\"external_image\" alt=\"external_image\" class=\"\"><img src=\"[!CKMS_URL!]/crosseditor/binary/20240312151308932_BCFZB6E7.png\" title=\"external_image\" alt=\"external_image\" class=\"\">", "primary_key": "52310>1>1.1", "path": "팔레트>SBI저축은행>저축>목돈급여"}, {"title": "목돈급여", "section": "상품내용", "paragraph": "가입자격", "contents": "장기저축급여 가입자", "primary_key": "52310>2>2.1", "path": "팔레트>SBI저축은행>저축>목돈급여"}, {"title": "목돈급여", "section": "상품내용", "paragraph": "가입기간 및 가입금액", "contents": "<div class=\"acc-inner\"><div class=\"area-tit pi-tit-sub\"><h5 class=\"tit-h7\">부가금형/ 예탁형</h5></div><ul class=\"list-txt-disc\"><li>가입기간: 없음</li><li>가입금액: 1구좌(100만원)~300구좌(3억원)</li></ul><div class=\"area-tit pi-tit-sub\"><h5 class=\"tit-h7\">적립형</h5></div><ul class=\"list-txt-disc\"><li>가입기간: 3년제, 5년제</li><li>가입금액: 1억원 한도, 1만원이상 1만원 단위 가입 <ul class=\"list-txt-dash\"><li>3년제: 매월 1~277만원(1만원 단위)</li><li>5년제: 매월 1~166만원(1만원 단위)</li></ul></li></ul></div><div class=\"acc-inner\"><div class=\"area-tit pi-tit-sub\"><h5 class=\"tit-h7\"></h5></div></div>", "primary_key": "52310>2>2.2", "path": "팔레트>SBI저축은행>저축>목돈급여"}, {"title": "목돈급여", "section": "상품내용", "paragraph": "비과세종합저축", "contents": "<div class=\"acc-body\" ><div class=\"acc-inner\"><ul class=\"list-txt-disc\"><li>전 금융기관 포함 5,000만원까지 가입 가능(기존 생계형 저축과 세금우대종합저축의 통합 한도 설정)</li><li>조세특례제한법 제88조의 2에 해당하는 가입자는 비과세종합저축으로 가입할 수 있습니다.</li></ul><div class=\"area-tit pi-tit-sub\"><h6 class=\"tit-h8\">자격요건</h6></div><ul class=\"list-txt-disc\"><li>만 65세 이상</li><li>장애인복지법 제32조에 따라 등록한 장애인(장애인등록증, 복지카드, 장애인증명서 중 택1 첨부)</li><!-- 23.09.06 : br 태그 추가 --><li>국가유공자 등 예우 및 지원에 관한 법률 제6조에 따라 등록한 상이자(국가유공자증, 국가유공자확인원 중 택1 첨부 : 보훈번호 앞자리 21, 23, 35, 51, 59, 61, 65, 71, 81, 97만 해당)</li><li>독립유공자 예우에 관한 법률 제6조에 따라 등록한 독립유공자와 그 유족 또는 가족(독립유공자증, 독립유공자유족증, 독립유공자확인원, 독립유공자유족확인원 중 택1 첨부)</li><li>국민기초생활보장법 제2조 제2호에 따른 수급자(기초생활수급자증, 수급자증명서 중 택1 첨부)</li><li>고엽제후유의증 환자지원 등에 관한 법률 제2조 제3호에 따른 고엽제후유의증 환자(고엽제후유의증환자증, 고엽제후유의증환자확인원 중 택1 첨부)</li><li>5.18 민주유공자 예우에 관한 법률 제4조 제2호에 따른 5.18 민주화운동 부상자(5.18 민주유공자증, 5.18 민주유공자확인원 중 택1 첨부)</li></ul><div class=\"area-tit pi-tit-sub\"><h6 class=\"tit-h8\">소득요건</h6></div><ul class=\"list-txt-disc\"><li>직전 3개 과세기간 동안 금융소득의 연간 합계액이 1회 이상 금융소득 종합과세 대상자는 제외</li></ul></div></div>", "primary_key": "52310>2>2.3", "path": "팔레트>SBI저축은행>저축>목돈급여"}, {"title": "목돈급여", "section": "상품내용", "paragraph": "수급권자지정", "contents": "<div class=\"acc-inner\"><div class=\"area-tit pi-tit-sub\"><!-- 23.09.04 : 타이틀 추가 --><h6 class=\"tit-h8\">수급권자 지정 구비서류</h6></div><ul class=\"list-txt-disc\"><li>지정&middot;변경신청서 1부 <div class=\"area-btn-txt sub2\"><!-- 23.09.04 : 다운로드버튼 하단에서 상단으로 위치이동 -->다운로드<!-- 23.11.03 : title 추가 --></div></li><li>회원인감증명서 또는 본인서명사실확인서 1부(3개월 이내 발행) <ul class=\"list-txt-dash\"><li>단, 본인 내방 시 신분증(주민등록증, 운전면허증, 여권 중 택1)으로 대체 / 가족관계증명서 또는 주민등록등본 1부(3개월 이내 발행)</li></ul></li><li>회원 사망 시 민법상 재산상속 순위에 따라 유족이 급여금을 받으나, 사망 전에 그 순위에 대하여 특별한 의사표시를 한 경우에는 아래 범위에 한하여 수급권자(민법의 규정에 의한 법정상속인)를 지정하고 급여금을 지급합니다.</li><li>범위 : 회원의 배우자 및 직계 존&middot;비속</li></ul><div class=\"area-tit pi-tit-sub mt-32\"><h6 class=\"tit-h8\">안내사항</h6></div><ul class=\"list-txt-disc\"><li>수급권자 지정시 지정&middot;변경 신청서 내 수급권자의 개인정보 동의 및 서명이 필요합니다.</li><li>기존 수급권자와 동일인을 지정할 경우, <ul class=\"list-txt-dash\"><li>회원 내방 시 : 구비서류 생략(단, 회원 신분증 지참)</li><li>우편 발송 시 : 구비서류 필요</li></ul></li><li>우편으로 서류 접수 시 신청서 하단 신청인란에 반드시 인감도장을 날인하여야 합니다.</li></ul></div>", "primary_key": "52310>2>2.6", "path": "팔레트>SBI저축은행>저축>목돈급여"}, {"title": "목돈급여", "section": "상품내용", "paragraph": "꼭알아두세요", "contents": "<div class=\"acc-body\" ><ul class=\"list-txt-disc\"><li>부담금(원금) 납입 후 1년 미만에 해약할 경우, 각각의 부담금(원금) 납입기간에 따라 할인된 부가금(이자)을 적용 받습니다.</li><li>탈퇴 및 퇴직(정년&middot;명예&middot;일반)시 장기저축급여와 함께 일괄 청구해야 합니다.</li><li>가입종류 및 가입기간은 변경이 불가능합니다.</li><li>개인의 1년간 금융소득(이자소득 및 배당소득)이 2천만원을 초과할 경우 금융소득종합과세 대상이 됩니다.</li><li>본회의 목돈급여, 퇴직생활급여, 종합복지급여 저축성 급여의 이자소득도 금융소득종합과세 대상이고, 매년 3월말까지 전년도 금융거래내역을 회원에게 통보해 드립니다.</li><li>부가금형 및 예탁형은 100만원 단위로 부분해약이 가능합니다.</li><li>적립형의 경우 가입기간 만료일(만기일) 이후 부터는 연 1%의 급여율이 적용되며, 만기전 해약시 해약수수료가 발생됩니다.</li></ul></div>", "primary_key": "52310>2>2.7", "path": "팔레트>SBI저축은행>저축>목돈급여"}]}