{"data": [{"title": "일반대여", "section": "상품개요", "paragraph": "개요", "contents": "<div class=\"prd-loan-cont\"><h3 class=\"tit-h3 align-txt-c\">신청가능금액</h3><ul class=\"top-diag\"><li> 보증대여 <strong>장기저축급여 탈퇴급여금 한도와 더불어SGI서울보증 심사결과에 따라 대여 한도 추가</strong></li></ul><ul class=\"bot-diag\"><!-- 23.06.30 : 마크업 수정 --><li class=\"list-diag1\"><strong class=\"copy\">장기저축급여 탈퇴 가정급여금</strong></li><li class=\"list-diag2\"> + <strong class=\"copy\">최고 1억원</strong></li></ul></div>", "primary_key": "52312>1>1.4", "path": "팔레트>SBI저축은행>대여>일반대여"}, {"title": "일반대여", "section": "상품내용", "paragraph": "보증보험 이용가능 한도액", "contents": "<li><div class=\"acc-header\"> 보증보험 이용가능 한도액 </div><div class=\"acc-body\" ><div class=\"area-loan-maximum\"><div class=\"area-form\"><div><div class=\"label\">장기저축급여 가입기간</div><div class=\"area-slt disp-ib jqUI ib wid-384\"><select class=\"ipt notDel uiAct\" data-eid=\"gigan\" title=\"장기저축급여 가입기간 선택\" ><option value=\"2\">5년 미만</option><option value=\"1\">5~10년</option><option value=\"0\">10년 이상</option></select> 5년 미만 </div></div><div><div class=\"label\">신용평점</div><div class=\"area-slt disp-ib jqUI ib wid-384\"><select class=\"ipt notDel uiAct\" data-eid=\"gugan\" title=\"신용평점 선택\" ><option value=\"0\">909점~1000점(1~2구간)</option><option value=\"1\">841점~908점(3구간)</option><option value=\"2\">785점~840점(4구간)</option><option value=\"3\">707점~784점(5구간)</option><option value=\"4\">631점~706점(6구간)</option></select> 909점~1000점(1~2구간) </div></div></div><div class=\"result\"><div><i class=\"icon\"> &rarr; </i> 한도액 <strong class=\"val\">8천만원</strong></div></div></div><ul class=\"list-txt-disc\"><!-- 23.12.15 : 텍스트 수정 --><li>보증보험 이용 한도는 신규대여&middot;재대여 모두 보증대여 신청 시점마다 심사</li><li>신용평점 7구간 이하(630점 이하) : 보증대여 불가</li><li>신용평점은 KCB 올크레딧 기준으로 산정</li><li>휴직자 : 단독대여 가능, 신규 보증대여 불가, 재대여의 경우 보증보험 이용 한도 재심사</li><li>미성년자(만 19세 미만)는 보증대여 불가</li><li>비슷한 날짜에 여러 종류의 대여를 받는 경우 최고한도액 변동이 있을 수 있음</li><li>타 기관에서 보증대여를 받은 경우 보증보험 이용 한도가 감소할 수 있음</li><li>장기저축급여 탈퇴 후 신규가입 시에는 신규가입 시점부터 가입기간 산정</li><li>재외국인 회원은 보증대여 시 SGI서울보증 별도 심사 필요</li></ul><div class=\"area-btn-txt sub2\"><!-- 23.07.31 : 디자인 개선 class 추가 sub2 --> 재외국인회원 보증대여 신청방법 <!-- 23.07.31 : 디자인 개선 class 수정 kbtn-link / 23.12.15 : 텍스트 수정 --></div></div></li>", "primary_key": "52312>2>2.1", "path": "팔레트>SBI저축은행>대여>일반대여"}, {"title": "일반대여", "section": "상품내용", "paragraph": "상환기간 및 방법", "contents": "<li><div class=\"acc-header\">상환기간 및 방법</div><div class=\"acc-body\" ><div class=\"area-tab content-tab\"><div class=\"sub-tab\"><ul class=\"tab-menu-sub\"><li class=\"is-active\"><a href=\"#none\" rel=\"tab-sub1\" role=\"button\" class=\"tab-btn-sub\" title=\"선택됨\">거치기간이 없는 경우</a></li></ul><div class=\"tab-panel-sub is-block\"><h4 class=\"blind\"><img src=\"[!CKMS_URL!]/crosseditor/binary/20240312155738838_8FEMG2KX.png\" title=\"external_image\" alt=\"external_image\" class=\"\"></h4><div class=\"tab-inner\"><ul class=\"list-txt-disc\"><li>거치기간이 있는 경우</li><li ><img src=\"[!CKMS_URL!]/crosseditor/binary/20240312155937506_GAYNEKYP.png\" title=\"external_image\" alt=\"external_image\" class=\"\"></li><li>상환방법: 원리금 균등분할상환</li><li>상환기간: 최대 10년</li></ul></div></div><div class=\"tab-panel-sub\" ><h4 class=\"blind\">거치기간이 있는 경우 탭내용</h4><div class=\"tab-inner\"><div class=\"wrap-repay-graph\"><div class=\"inner\"><!-- 23.09.19 : inner 추가(일괄) --><div class=\"graph-bar-repay type1\"><div class=\"box-bar1\"><div class=\"bar\" aria-hidden=\"true\"></div><div class=\"val\"> 300만원까지 </div><div class=\"bubble center\"> <em>1년거치</em> 1~3년 선택가능 <em>2년거치</em> 1~3년 선택가능 </div><!-- 23.09.14 : class, center 추가 및 2년거치 내용 추가 --></div><div class=\"box-bar2\" aria-hidden=\"true\"><div class=\"bar\"></div></div></div></div><div class=\"inner\"><div class=\"graph-bar-repay type2\"><div class=\"box-bar1\" aria-hidden=\"true\"><div class=\"bar\"></div><div class=\"val\"> 300만원 </div></div><div class=\"box-bar2\"><div class=\"bar\" aria-hidden=\"true\"></div><div class=\"val\"> 310만원이상 </div><!-- 23.06.29 : 텍스트 수정 --><div class=\"bubble\"> <em>1년거치</em> 1~9년 선택가능 <em>2년거치</em> 1~8년 선택가능 </div></div></div></div></div><ul class=\"list-txt-disc\"><li>상환방법: 거치 후 원리금균등분할상환</li><li>상환기간: 최대 9년</li></ul></div></div></div></div></div></li>", "primary_key": "52312>2>2.2", "path": "팔레트>SBI저축은행>대여>일반대여"}, {"title": "일반대여", "section": "상품내용", "paragraph": "상환안내", "contents": "<img src=\"[!CKMS_URL!]/crosseditor/binary/20240312161042142_FSJCFUEK.png\" title=\"external_image\" alt=\"external_image\" class=\"\"><div class=\"acc-body\" ></div>", "primary_key": "52312>2>2.3", "path": "팔레트>SBI저축은행>대여>일반대여"}, {"title": "일반대여", "section": "상품내용", "paragraph": "미납 및 변제의무 안내", "contents": "<div class=\"acc-body\" ><div class=\"area-tit pi-tit-sub\"><h4 class=\"tit-h7\">미납 연체 안내</h4></div><ul class=\"list-txt-disc\"><li>약정 기간 내에 상환액 미납 또는 연체 시 연체이자가 부과</li><!-- 23.06.29 : 텍스트 수정 --></ul><div class=\"area-tit pi-tit-sub\"><h4 class=\"tit-h7\">변제 의무 안내</h4></div><ul class=\"list-txt-disc\"><li>6개월 이상 부담금 미납 등으로 회원 자격을 상실한 경우</li><li>대여원리금 상환에 관한 채무불이행(연체)이 있는 경우</li><li>상계처리 대상 급여금에 대한 가압류, 압류명령이나 체납처분 압류통지가 본회에 접수된 경우</li><li>기타 방법에 의한 강제집행 개시나 체납처분 착수가 있는 경우</li><li>개인채무회생신청 또는 파산신청 결정통지문이 법원으로부터 본회에 접수된 경우</li></ul></div>", "primary_key": "52312>2>2.6", "path": "팔레트>SBI저축은행>대여>일반대여"}, {"title": "일반대여", "section": "상품내용", "paragraph": "꼭알아두세요", "contents": "<ul class=\"list-txt-disc\"><li>보증대여의 경우 대여 신청금액에서 보증보험료를 공제하고 지급됩니다.</li><li>미성년자(만 19세 미만)및 휴직자는 보증대여가 불가합니다.</li><li>본인 명의의 통장이 아닐 경우 대여금 지급이 불가합니다.</li></ul>", "primary_key": "52312>2>2.7", "path": "팔레트>SBI저축은행>대여>일반대여"}]}