{"data": [{"title": "보건의료자금 대여", "section": "상품개요", "paragraph": "개요", "contents": "<img src=\"[!CKMS_URL!]/crosseditor/binary/20240312162508940_HCQWJ1DU.png\" title=\"external_image\" alt=\"external_image\" class=\"\"><img src=\"[!CKMS_URL!]/crosseditor/binary/20240312163502276_X3U5JW9C.png\" title=\"external_image\" alt=\"external_image\" class=\"\"><img src=\"[!CKMS_URL!]/crosseditor/binary/20240312163608285_3E0Q5PC9.png\" title=\"external_image\" alt=\"external_image\" class=\"\">", "primary_key": "52313>1>1.4", "path": "팔레트>SBI저축은행>대여>무이자대여"}, {"title": "보건의료자금 대여", "section": "상품내용", "paragraph": "상환안내", "contents": "<img src=\"[!CKMS_URL!]/crosseditor/binary/20240312163851218_8AYSLB7R.png\" title=\"external_image\" alt=\"external_image\" class=\"\">", "primary_key": "52313>2>2.1", "path": "팔레트>SBI저축은행>대여>무이자대여"}, {"title": "보건의료자금 대여", "section": "상품내용", "paragraph": "미납 및 변제의무 안내", "contents": "<div class=\"acc-body\" ><div class=\"area-tit pi-tit-sub\"><h4 class=\"tit-h7\">미납 연체 안내</h4></div><ul class=\"list-txt-disc\"><li>약정 기간 내에 상환액 미납 또는 연체 시 연체이자가 부과</li><!-- 23.06.29 : 텍스트 수정 --></ul><div class=\"area-tit pi-tit-sub\"><h4 class=\"tit-h7\">변제 의무 안내</h4></div><ul class=\"list-txt-disc\"><li>6개월 이상 부담금 미납 등으로 회원 자격을 상실한 경우</li><li>대여원리금 상환에 관한 채무불이행(연체)이 있는 경우</li><li>상계처리 대상 급여금에 대한 가압류, 압류명령이나 체납처분 압류통지가 본회에 접수된 경우</li><li>기타 방법에 의한 강제집행 개시나 체납처분 착수가 있는 경우</li><li>개인채무회생신청 또는 파산신청 결정통지문이 법원으로부터 본회에 접수된 경우</li></ul> * 대여미납 연체 <img src=\"[!CKMS_URL!]/crosseditor/binary/20240312164350724_C28IOE7P.png\" title=\"external_image\" alt=\"external_image\" > * 기한이익 상실 <img src=\"[!CKMS_URL!]/crosseditor/binary/20240312164502442_TK6ATGUP.png\" title=\"external_image\" alt=\"external_image\" ></div>", "primary_key": "52313>2>2.6", "path": "팔레트>SBI저축은행>대여>무이자대여"}, {"title": "보건의료자금 대여", "section": "상품내용", "paragraph": "꼭알아두세요", "contents": "<ul class=\"list-txt-disc\"><li>보증대여의 경우 대여 신청금액에서 보증보험료를 공제하고 지급됩니다.</li><li>미성년자(만 19세 미만)및 휴직자는 보증대여가 불가합니다.</li><li>본인 명의의 통장이 아닐 경우 대여금 지급이 불가합니다.</li></ul>", "primary_key": "52313>2>2.7", "path": "팔레트>SBI저축은행>대여>무이자대여"}]}