{"data": [{"title": "더블업종합공제 2002", "section": "상품안내", "paragraph": "개요", "contents": "<img src=\"[!CKMS_URL!]/crosseditor/binary/20240312152929368_6RCGWK36.png\" title=\"external_image\" alt=\"external_image\" class=\"\"><a href=\"http://naver.com\">네이버</a>", "primary_key": "52311>1>1.1", "path": "팔레트>SBI저축은행>보험>종합보험"}, {"title": "더블업종합공제 2002", "section": "상품안내", "paragraph": "비갱신", "contents": "<img src=\"[!CKMS_URL!]/crosseditor/binary/20240312153115613_H6S4ZX2O.png\" title=\"external_image\" alt=\"external_image\" class=\"\">", "primary_key": "52311>1>1.2", "path": "팔레트>SBI저축은행>보험>종합보험"}, {"title": "더블업종합공제 2002", "section": "상품안내", "paragraph": "특약", "contents": "<img src=\"[!CKMS_URL!]/crosseditor/binary/20240312153253937_W92SCJZU.png\" title=\"external_image\" alt=\"external_image\" class=\"\">", "primary_key": "52311>1>1.3", "path": "팔레트>SBI저축은행>보험>종합보험"}, {"title": "더블업종합공제 2002", "section": "상품안내", "paragraph": "보장설계", "contents": "<div class=\"item-box\"><div class=\"txt-cont\"><h4 class=\"tit-h4\">60세 전&middot;후 이원화로2배 강화된 보장설계</h4><ul class=\"list-txt-disc\"><li>60세 이전 사망보장 2배 강화 (주급여에 한함)</li><li>60세 이후 건강보장 2배 강화 (해당 14가지 특약에 한함)</li></ul></div><icon class=\"icon5\"></icon></div>", "primary_key": "52311>1>1.4", "path": "팔레트>SBI저축은행>보험>종합보험"}, {"title": "더블업종합공제 2002", "section": "상품안내", "paragraph": "서비스제공", "contents": "<div class=\"item-box\"><icon class=\"icon4\"></icon><div class=\"txt-cont\"><h4 class=\"tit-h4\">건강 상담부터 질병 관리까지 종합보험만의 헬스케어 서비스 제공 각주 </h4><ul class=\"list-txt-disc\"><li>일상 속 건강관리지원</li><li>사고 및 질병 발생 시 의료지원</li><li>교직원 특화서비스</li></ul><div class=\"footnote txt\"> 각주 더블업종합공제(1610, 2002) 상품 주급여 3구좌 이상 가입 시</div><div class=\"area-btn-txt sub\"> 헬스케어 서비스란?<i class=\"icon\"></i></div></div></div>", "primary_key": "52311>1>1.5", "path": "팔레트>SBI저축은행>보험>종합보험"}, {"title": "더블업종합공제 2002", "section": "보장내용", "paragraph": "주급여", "contents": "<img src=\"[!CKMS_URL!]/crosseditor/binary/20240312154034677_YABY0292.png\" title=\"external_image\" alt=\"external_image\" class=\"\">", "primary_key": "52311>2>2.1", "path": "팔레트>SBI저축은행>보험>종합보험"}, {"title": "더블업종합공제 2002", "section": "보장내용", "paragraph": "사망", "contents": "<img src=\"[!CKMS_URL!]/crosseditor/binary/20240312154127889_M2TG7YN6.png\" title=\"external_image\" alt=\"external_image\" class=\"\"><img src=\"[!CKMS_URL!]/crosseditor/binary/20240312154146429_Y0MYFSWO.png\" title=\"external_image\" alt=\"external_image\" class=\"\"><img src=\"[!CKMS_URL!]/crosseditor/binary/20240312154320145_JH48KV2W.png\" title=\"external_image\" alt=\"external_image\" class=\"\">", "primary_key": "52311>2>2.2", "path": "팔레트>SBI저축은행>보험>종합보험"}, {"title": "더블업종합공제 2002", "section": "보장내용", "paragraph": "장해", "contents": "<img src=\"[!CKMS_URL!]/crosseditor/binary/20240312154735848_94GK8IUK.png\" title=\"external_image\" alt=\"external_image\" class=\"\"><img src=\"[!CKMS_URL!]/crosseditor/binary/20240312154753970_25UGH5DZ.png\" title=\"external_image\" alt=\"external_image\" class=\"\"><img src=\"[!CKMS_URL!]/crosseditor/binary/20240312154807280_R930SNGS.png\" title=\"external_image\" alt=\"external_image\" class=\"\">", "primary_key": "52311>2>2.3", "path": "팔레트>SBI저축은행>보험>종합보험"}, {"title": "더블업종합공제 2002", "section": "보장내용", "paragraph": "입원", "contents": "<img src=\"[!CKMS_URL!]/crosseditor/binary/20240312155333323_Z2LE5131.png\" title=\"external_image\" alt=\"external_image\" class=\"\"><div class=\"tab-inner\"></div>", "primary_key": "52311>2>2.4", "path": "팔레트>SBI저축은행>보험>종합보험"}, {"title": "더블업종합공제 2002", "section": "보장내용", "paragraph": "수술", "contents": "<img src=\"[!CKMS_URL!]/crosseditor/binary/20240312155449604_7XTS4TU5.png\" title=\"external_image\" alt=\"external_image\" class=\"\">", "primary_key": "52311>2>2.5", "path": "팔레트>SBI저축은행>보험>종합보험"}, {"title": "더블업종합공제 2002", "section": "보장내용", "paragraph": "진단", "contents": "<img src=\"[!CKMS_URL!]/crosseditor/binary/20240312155525118_AH2E92KK.png\" title=\"external_image\" alt=\"external_image\" class=\"\">", "primary_key": "52311>2>2.6", "path": "팔레트>SBI저축은행>보험>종합보험"}, {"title": "더블업종합공제 2002", "section": "보장내용", "paragraph": "치료", "contents": "<img src=\"[!CKMS_URL!]/crosseditor/binary/20240312155553707_ZFCALOEX.png\" title=\"external_image\" alt=\"external_image\" class=\"\"><img src=\"[!CKMS_URL!]/crosseditor/binary/20240312155622780_QN1GRGE0.png\" title=\"external_image\" alt=\"external_image\" class=\"\">", "primary_key": "52311>2>2.7", "path": "팔레트>SBI저축은행>보험>종합보험"}, {"title": "더블업종합공제 2002", "section": "보장내용", "paragraph": "기타", "contents": "<img src=\"[!CKMS_URL!]/crosseditor/binary/20240312155701670_C2Q05RQQ.png\" title=\"external_image\" alt=\"external_image\" class=\"\">", "primary_key": "52311>2>2.8", "path": "팔레트>SBI저축은행>보험>종합보험"}]}