{"data": [{"title": "장기저축급여 분할급여금 C", "section": "상품개요", "paragraph": "개요", "contents": "장기저축급여 퇴직급여금 중 일정금액을 분할하여 받을 수 있는 저축상품 연 복리 : 3.45% 저율과세(0~3%대) 특별법에 의한 안전성 보장 금융소득종합과세 제외", "primary_key": "52315>1>1.4", "path": "팔레트>SBI저축은행>저축>장기저축급여"}, {"title": "장기저축급여 분할급여금 C", "section": "상품개요", "paragraph": "체크포인트", "contents": "<img src=\"[!CKMS_URL!]/crosseditor/binary/20240312142816330_ZL3PXA2V.png\" title=\"external_image\" alt=\"external_image\" >", "primary_key": "52315>1>1.1", "path": "팔레트>SBI저축은행>저축>장기저축급여"}, {"title": "장기저축급여 분할급여금 C", "section": "상품개요", "paragraph": "중도해약", "contents": "해약수수료는 없으며, 전체 해약만 가능하고 해약한 이후 재가입은 불가능함", "primary_key": "52315>1>1.2", "path": "팔레트>SBI저축은행>저축>장기저축급여"}, {"title": "장기저축급여 분할급여금 C", "section": "상품개요", "paragraph": "특별회원가입축하선물", "contents": "<h4 class=\"tit-h4\" >특별회원가입 축하 선물</h4><h5 class=\"tit\" >지급대상</h5><ul class=\"list-txt-disc\" ><li >퇴직생활급여(적립형 제외) 최초 가입 또는 장기저축급여 분할급여금 최초 가입회원(중복지급 불가) <ul class=\"list-txt-dash\" ><li >단, 두 상품 중 하나라도 이전 가입 이력이 있을 시 지급대상 제외</li><li >제도시행일: 2013년 1월 1일</li></ul></li></ul>", "primary_key": "52315>1>1.3", "path": "팔레트>SBI저축은행>저축>장기저축급여"}, {"title": "장기저축급여 분할급여금 C", "section": "상품내용", "paragraph": "가입자격", "contents": "장기저축급여에 가입한 회원으로서 상병으로 퇴직하는 교직원 ※ 장기저축급여 퇴직급여금을 수령한 이후에는 분할급여금 신청자격이 상실됨", "primary_key": "52315>2>2.1", "path": "팔레트>SBI저축은행>저축>장기저축급여"}, {"title": "장기저축급여 분할급여금 C", "section": "상품내용", "paragraph": "급여율", "contents": "연복리 3.45% (변동금리, 세전, 2024.01.01. 기준) 장기저축급여 분할급여금 가입 중 급여율 변동 시 회차별로 지급금액이 달라질 수 있음", "primary_key": "52315>2>2.2", "path": "팔레트>SBI저축은행>저축>장기저축급여"}, {"title": "장기저축급여 분할급여금 C", "section": "상품내용", "paragraph": "가입금액", "contents": "퇴직일 기준 장기저축급여 세후 퇴직급여금 이내에서 최저 500만원부터 100만원 단위 퇴직 시점에 장기저축급여 퇴직급여금과 대여 잔액을 상계처리하여 분할급여금 가입금액이 적어지는 경우 분할급여금 가입 금액을 높일 수 있음", "primary_key": "52315>2>2.3", "path": "팔레트>SBI저축은행>저축>장기저축급여"}, {"title": "장기저축급여 분할급여금 C", "section": "상품내용", "paragraph": "세율", "contents": "분할급여금 수령 시 발생하는 부가금 에 대해서만 저율과세(0~3%대) 됨(원금은 과세대상이 아니며, 연금소득세와도 무관) 분할급여금은 소득세법 제14조 제3항 제3호에 따라, 금융소득종합과세 대상에서 제외됨", "primary_key": "52315>2>2.4", "path": "팔레트>SBI저축은행>저축>장기저축급여"}, {"title": "장기저축급여 분할급여금 C", "section": "상품내용", "paragraph": "주요내용", "contents": "지급기간 : 10년 / 20년 / 30년 지급주기 및 지급일 : 매월 또는 매년 (5일) 3회차 급여금 지급 이후에는 최초 계약조건 변경 불가", "primary_key": "52315>2>2.5", "path": "팔레트>SBI저축은행>저축>장기저축급여"}, {"title": "장기저축급여 분할급여금 C", "section": "상품내용", "paragraph": "수급권자지정", "contents": "수급권자 지정 구비서류 지정&middot;변경신청서 1부 가족관계증명서 또는 주민등록등본 1부(3개월 이내 발행) 범위 : 회원의 배우자 및 직계 존&middot;비속", "primary_key": "52315>2>2.6", "path": "팔레트>SBI저축은행>저축>장기저축급여"}, {"title": "장기저축급여 분할급여금 C", "section": "상품내용", "paragraph": "꼭알아두세요", "contents": "장기저축급여 퇴직급여금 청구 시 장기저축급여 분할급여금과 퇴직생활급여로 동시 전환 신청 가능(단, 인터넷 청구 시 분할급여금으로만 전환 가능) 3회차 급여금 지급 3영업일 전 까지 계약조건(지급기간, 지급주기, 지급일) 변경 가능 3회차 급여금 지급 이후에는 최초 계약조건 변경 불가", "primary_key": "52315>2>2.7", "path": "팔레트>SBI저축은행>저축>장기저축급여"}]}